start_time,end_time,sleep_date,duration_ms,efficiency_pct,is_main_sleep,deep_minutes,deep_30d_avg_minutes,light_minutes,light_30d_avg_minutes,rem_minutes,rem_30d_avg_minutes,wake_minutes,wake_30d_avg_minutes
2024-08-09 03:32:00+00,2024-08-09 13:23:00+00,2024-08-09,33480000,84,t,100,81,341,237,60,94,90,58
2024-08-08 04:52:30+00,2024-08-08 13:38:30+00,2024-08-08,27480000,81,t,98,80,237,237,103,94,87,58
2024-08-07 04:05:00+00,2024-08-07 13:33:30+00,2024-08-07,32280000,88,t,106,80,269,238,126,93,67,58
2024-08-06 04:53:00+00,2024-08-06 12:29:00+00,2024-08-06,27360000,90,t,97,80,212,239,101,92,45,58
2024-08-05 07:05:30+00,2024-08-05 13:03:00+00,2024-08-05,21420000,91,t,81,79,169,239,75,92,31,59
2024-08-04 03:06:30+00,2024-08-04 13:07:30+00,2024-08-04,34620000,87,t,85,79,324,237,116,94,75,59
2024-08-03 06:02:00+00,2024-08-03 14:17:30+00,2024-08-03,29700000,91,t,69,79,253,238,128,91,44,59
2024-08-02 07:55:00+00,2024-08-02 14:05:00+00,2024-08-02,22200000,91,t,64,80,171,241,99,94,35,60
2024-07-31 05:59:00+00,2024-07-31 13:58:30+00,2024-07-31,27720000,88,t,102,78,213,242,108,91,55,60
2024-07-30 06:28:00+00,2024-07-30 11:31:30+00,2024-07-30,17700000,91,t,50,78,173,246,53,93,26,61
2024-07-29 10:38:00+00,2024-07-29 16:19:30+00,2024-07-29,20460000,90,t,50,78,184,245,73,93,33,61
2024-07-29 04:35:00+00,2024-07-29 06:55:00+00,2024-07-29,7860000,39,f,,,,,,,0,
2024-07-28 04:50:00+00,2024-07-28 15:16:00+00,2024-07-28,37560000,86,t,106,76,321,242,113,92,86,60
2024-07-27 09:22:00+00,2024-07-27 14:51:00+00,2024-07-27,17100000,85,t,40,78,206,245,38,94,44,61
2024-07-26 08:45:30+00,2024-07-26 14:45:30+00,2024-07-26,21600000,91,t,65,77,210,246,51,94,33,62
2024-07-25 05:48:30+00,2024-07-25 14:08:00+00,2024-07-25,29400000,84,t,107,78,211,247,100,94,80,61
2024-07-24 05:46:30+00,2024-07-24 14:21:00+00,2024-07-24,30240000,87,t,90,77,277,248,83,93,64,63
2024-07-23 08:59:30+00,2024-07-23 13:42:00+00,2024-07-23,16080000,86,t,72,78,97,253,74,94,38,64
2024-07-22 05:28:00+00,2024-07-22 13:44:30+00,2024-07-22,29760000,83,t,68,78,252,253,91,94,84,63
2025-07-09 03:33:30+00,2025-07-09 10:56:00+00,2025-07-09,26520000,93,t,90,85,249,229,72,83,30,48
2025-06-20 04:16:00+00,2025-06-20 12:05:00+00,2025-06-20,27120000,87,t,82,80,234,249,93,86,59,61
2025-06-19 03:18:00+00,2025-06-19 11:27:30+00,2025-06-19,29340000,89,t,75,80,261,248,96,86,56,61
2025-06-18 02:39:00+00,2025-06-18 11:08:00+00,2025-06-18,27960000,87,t,112,80,227,251,110,86,59,62
2025-06-17 02:37:00+00,2025-06-17 08:38:30+00,2025-06-17,18000000,80,t,77,79,159,251,65,87,60,61
2025-06-16 05:46:30+00,2025-06-16 13:56:00+00,2025-06-16,28920000,89,t,69,80,300,250,68,88,51,61
2025-06-15 03:48:00+00,2025-06-15 13:43:00+00,2025-06-15,35700000,87,t,80,80,322,248,113,87,79,61
2025-06-14 04:46:00+00,2025-06-14 11:59:00+00,2025-06-14,22680000,87,t,110,79,195,249,79,89,48,61
2025-06-13 03:41:30+00,2025-06-13 10:41:30+00,2025-06-13,25200000,83,t,93,78,175,252,81,90,70,61
2025-06-12 07:38:30+00,2025-06-12 13:50:30+00,2025-06-12,21540000,88,t,30,80,257,249,41,91,43,62
2025-06-11 04:41:00+00,2025-06-11 11:29:00+00,2025-06-11,23280000,86,t,58,81,228,249,68,92,53,62
2024-07-21 09:10:30+00,2024-07-21 15:56:30+00,2024-07-21,24360000,90,t,69,78,230,254,65,95,40,64
2025-06-10 03:11:00+00,2025-06-10 09:55:00+00,2025-06-10,23400000,87,t,77,82,227,252,49,92,50,62
2025-06-09 05:29:00+00,2025-06-09 13:18:30+00,2025-06-09,27540000,87,t,83,82,215,252,112,92,59,62
2025-06-08 05:29:00+00,2025-06-08 14:11:00+00,2025-06-08,31320000,89,t,79,83,299,247,86,92,58,63
2025-06-07 04:28:30+00,2025-06-07 12:40:30+00,2025-06-07,28320000,83,t,38,84,295,246,79,93,79,62
2025-06-06 04:17:30+00,2025-06-06 12:24:30+00,2025-06-06,28860000,86,t,99,84,243,246,76,95,68,62
2024-07-20 07:00:30+00,2024-07-20 13:02:30+00,2024-07-20,21060000,85,t,47,80,195,257,66,96,53,65
2024-07-19 09:07:30+00,2024-07-19 15:09:30+00,2024-07-19,21720000,88,t,68,80,203,259,45,99,45,65
2025-06-05 05:11:00+00,2025-06-05 12:06:30+00,2025-06-05,24420000,88,t,79,84,210,247,76,95,50,62
2025-06-04 05:06:00+00,2025-06-04 12:23:30+00,2025-06-04,24840000,88,t,62,85,246,250,80,95,49,63
2025-06-03 02:04:00+00,2025-06-03 13:22:00+00,2025-06-03,40200000,85,t,72,86,397,244,106,95,102,61
2025-06-02 04:53:00+00,2025-06-02 12:36:30+00,2025-06-02,24660000,84,t,95,84,228,244,75,95,64,61
2025-06-01 05:19:30+00,2025-06-01 13:16:00+00,2025-06-01,27840000,88,t,113,83,195,244,109,95,58,62
2025-05-31 03:07:00+00,2025-05-31 11:48:00+00,2025-05-31,29940000,87,t,75,85,265,241,114,95,66,61
2025-05-30 02:56:30+00,2025-05-30 12:44:30+00,2025-05-30,34620000,83,t,86,85,331,236,73,96,97,59
2025-05-29 05:11:00+00,2025-05-29 12:12:30+00,2025-05-29,24000000,91,t,99,85,181,236,103,95,37,60
2025-05-28 01:26:00+00,2025-05-28 10:09:30+00,2025-05-28,31380000,88,t,114,82,236,236,107,95,65,60
2025-05-27 03:03:30+00,2025-05-27 09:48:00+00,2025-05-27,23160000,88,t,84,80,198,241,75,96,47,60
2025-05-26 03:07:00+00,2025-05-26 09:00:30+00,2025-05-26,21180000,90,t,47,82,233,242,37,99,35,61
2024-07-18 04:28:30+00,2024-07-18 13:11:30+00,2024-07-18,30480000,85,t,97,79,234,260,116,98,76,65
2024-07-17 05:12:00+00,2024-07-17 14:52:30+00,2024-07-17,34380000,90,t,91,79,280,259,153,95,55,65
2024-07-16 09:48:30+00,2024-07-16 12:29:30+00,2024-07-16,9660000,32,t,,,,,,,0,
2024-07-15 20:31:30+00,2024-07-15 22:58:30+00,2024-07-15,8460000,62,f,,,,,,,0,
2024-07-15 05:26:00+00,2024-07-15 12:39:00+00,2024-07-15,24240000,86,t,74,79,233,255,70,96,56,65
2024-07-14 04:42:30+00,2024-07-14 13:35:00+00,2024-07-14,31920000,87,t,98,78,249,255,116,95,69,65
2024-07-13 04:44:00+00,2024-07-13 13:52:00+00,2024-07-13,32880000,89,t,121,75,238,256,127,93,61,65
2024-07-12 05:40:00+00,2024-07-12 14:04:00+00,2024-07-12,30240000,87,t,79,75,275,255,85,94,64,65
2024-07-11 05:48:30+00,2024-07-11 15:56:30+00,2024-07-11,35880000,87,t,98,73,286,253,144,91,79,64
2024-07-10 06:37:30+00,2024-07-10 14:11:30+00,2024-07-10,26640000,86,t,53,75,237,254,101,90,62,65
2024-07-09 05:31:30+00,2024-07-09 13:30:00+00,2024-07-09,28320000,84,t,75,75,238,256,89,90,75,64
2024-07-08 04:36:00+00,2024-07-08 14:04:00+00,2024-07-08,34080000,87,t,99,73,287,253,107,89,74,63
2024-07-07 09:49:00+00,2024-07-07 17:03:00+00,2024-07-07,25440000,87,t,82,72,240,254,55,91,56,64
2024-07-06 06:36:30+00,2024-07-06 12:30:30+00,2024-07-06,21240000,88,t,55,74,173,262,80,92,44,65
2024-07-05 04:23:00+00,2024-07-05 14:40:30+00,2024-07-05,36480000,88,t,102,71,278,260,164,85,72,65
2024-07-04 09:54:30+00,2024-07-04 15:15:30+00,2024-07-04,18540000,86,t,45,73,171,259,62,88,42,66
2024-07-04 06:51:00+00,2024-07-04 08:50:30+00,2024-07-04,7140000,46,f,,,,,,,0,
2024-07-03 05:29:00+00,2024-07-03 15:32:00+00,2024-07-03,35640000,89,t,110,68,263,258,166,78,63,66
2024-07-02 05:36:00+00,2024-07-02 09:30:00+00,2024-07-02,12780000,83,t,25,75,140,275,31,85,37,70
2024-07-01 07:37:00+00,2024-07-01 18:08:00+00,2024-07-01,36960000,88,t,87,73,359,261,109,81,74,70
2024-06-29 22:41:00+00,2024-06-30 06:33:30+00,2024-06-30,28320000,89,t,57,76,272,259,88,79,54,73
2024-06-29 07:09:00+00,2024-06-29 09:43:30+00,2024-06-29,9240000,57,t,,,,,,,0,
2024-06-28 04:54:00+00,2024-06-28 12:02:30+00,2024-06-28,25140000,89,t,44,84,241,264,98,75,45,80
2024-06-27 03:40:30+00,2024-06-27 12:39:30+00,2024-06-27,32340000,85,t,88,82,275,260,96,68,79,80
2024-06-26 04:24:30+00,2024-06-26 11:10:00+00,2024-06-26,24300000,85,t,49,99,245,268,51,76,59,91
2024-06-25 11:50:00+00,2024-06-25 15:16:00+00,2024-06-25,11940000,87,f,47,81,93,297,39,62,26,
2024-06-25 05:42:30+00,2024-06-25 10:45:00+00,2024-06-25,17760000,88,t,69,81,145,297,51,62,37,119
2024-06-24 05:04:30+00,2024-06-24 14:25:00+00,2024-06-24,32820000,78,t,81,0,297,0,62,0,119,0
2024-03-02 07:56:00+00,2024-03-02 15:00:00+00,2024-03-02,25440000,88,t,55,78,241,219,76,89,51,59
2024-03-01 05:48:30+00,2024-03-01 14:26:30+00,2024-03-01,31080000,90,t,98,77,244,218,122,89,54,59
2024-02-29 05:10:30+00,2024-02-29 11:26:00+00,2024-02-29,22500000,86,t,67,77,175,217,79,88,53,60
2024-02-28 05:32:30+00,2024-02-28 13:27:30+00,2024-02-28,28500000,89,t,120,77,198,217,105,89,51,61
2024-02-27 06:32:00+00,2024-02-27 13:54:00+00,2024-02-27,26520000,87,t,94,78,198,220,91,90,58,62
2024-02-26 04:14:30+00,2024-02-26 13:36:00+00,2024-02-26,33660000,88,t,104,76,303,216,86,89,67,60
2024-02-25 05:16:30+00,2024-02-25 14:01:30+00,2024-02-25,31500000,89,t,88,76,236,216,144,89,56,61
2024-02-24 08:45:30+00,2024-02-24 15:31:30+00,2024-02-24,24360000,87,t,76,77,189,217,86,89,54,61
2024-02-23 04:42:00+00,2024-02-23 11:22:00+00,2024-02-23,23820000,87,t,93,78,173,219,81,92,52,62
2024-02-22 03:50:00+00,2024-02-22 13:08:00+00,2024-02-22,33480000,87,t,67,79,300,217,120,90,70,62
2024-02-21 04:15:00+00,2024-02-21 09:21:00+00,2024-02-21,18360000,88,t,24,81,214,219,29,94,38,64
2025-07-10 03:54:30+00,2025-07-10 10:32:00+00,2025-07-10,23820000,93,t,85,86,213,230,72,82,26,47
2025-05-25 02:52:00+00,2025-05-25 12:55:30+00,2025-05-25,35400000,88,t,95,80,318,237,122,96,68,59
2025-05-24 01:45:00+00,2025-05-24 11:58:30+00,2025-05-24,36360000,85,t,71,81,339,232,112,97,90,58
2025-05-23 12:06:30+00,2025-05-23 14:20:00+00,2025-05-23,7980000,34,f,,,,,,,0,
2025-05-23 04:52:30+00,2025-05-23 10:33:00+00,2025-05-23,18180000,84,t,44,82,190,231,58,98,47,58
2025-05-22 02:55:00+00,2025-05-22 11:11:30+00,2025-05-22,29760000,88,t,99,82,225,230,110,98,61,57
2025-05-21 03:53:00+00,2025-05-21 10:10:00+00,2025-05-21,20220000,86,t,70,83,189,231,71,100,46,58
2025-05-20 02:31:00+00,2025-05-20 10:14:00+00,2025-05-20,26880000,88,t,76,83,230,230,101,99,55,58
2025-05-19 02:11:30+00,2025-05-19 12:46:00+00,2025-05-19,38040000,86,t,108,82,312,228,124,99,89,56
2025-05-18 03:50:30+00,2025-05-18 09:42:30+00,2025-05-18,19980000,92,t,67,83,166,230,89,100,28,58
2025-05-17 04:03:30+00,2025-05-17 12:03:30+00,2025-05-17,27600000,89,t,74,81,258,230,95,98,52,58
2025-05-16 03:03:00+00,2025-05-16 11:24:30+00,2025-05-16,28560000,85,t,79,81,258,228,93,98,70,58
2025-05-15 03:49:00+00,2025-05-15 12:19:30+00,2025-05-15,29820000,87,t,94,79,227,227,125,96,64,57
2025-05-14 03:18:30+00,2025-05-14 12:12:30+00,2025-05-14,31320000,87,t,74,79,281,225,112,97,66,57
2025-05-13 03:31:30+00,2025-05-13 09:49:00+00,2025-05-13,20460000,84,t,78,80,164,228,79,97,55,57
2025-05-12 04:24:00+00,2025-05-12 12:34:30+00,2025-05-12,28740000,88,t,104,81,235,229,94,99,57,57
2025-05-11 07:02:30+00,2025-05-11 14:17:30+00,2025-05-11,24000000,88,t,82,80,240,224,62,100,50,57
2025-05-11 03:48:00+00,2025-05-11 05:15:30+00,2025-05-11,5220000,87,f,,,,,,,0,
2024-02-20 07:34:30+00,2024-02-20 12:46:30+00,2024-02-20,18720000,85,t,57,82,144,225,62,96,47,65
2025-05-10 04:56:00+00,2025-05-10 11:59:00+00,2025-05-10,24540000,89,t,80,81,204,222,92,100,46,57
2025-05-09 05:23:00+00,2025-05-09 12:50:30+00,2025-05-09,25440000,79,t,101,79,171,225,85,99,90,55
2025-05-08 03:08:00+00,2025-05-08 12:15:30+00,2025-05-08,32280000,88,t,94,78,261,223,126,98,65,54
2025-05-07 03:26:30+00,2025-05-07 11:36:30+00,2025-05-07,25140000,87,t,82,79,234,225,117,97,56,55
2025-05-06 04:45:00+00,2025-05-06 09:45:00+00,2025-05-06,18000000,100,t,,,,,,,0,
2025-05-05 02:56:00+00,2025-05-05 12:29:30+00,2025-05-05,31320000,85,t,95,80,321,218,78,99,78,53
2025-05-04 05:51:00+00,2025-05-04 13:13:30+00,2025-05-04,25320000,89,t,88,80,221,217,85,99,48,53
2025-05-03 04:19:00+00,2025-05-03 11:51:30+00,2025-05-03,25260000,84,t,61,80,249,214,75,99,66,52
2025-05-02 05:36:00+00,2025-05-02 13:05:30+00,2025-05-02,26220000,86,t,83,79,195,217,111,98,60,52
2025-05-01 03:46:00+00,2025-05-01 11:05:00+00,2025-05-01,24660000,85,t,113,78,153,220,112,97,60,52
2025-04-30 03:58:30+00,2025-04-30 11:41:30+00,2025-04-30,27240000,91,t,102,77,193,219,124,94,43,52
2025-04-29 03:11:30+00,2025-04-29 09:40:00+00,2025-04-29,21300000,87,t,78,78,194,219,68,95,47,52
2025-04-28 05:16:00+00,2025-04-28 12:30:00+00,2025-04-28,25680000,87,t,53,78,224,220,99,95,57,52
2025-04-27 20:42:30+00,2025-04-27 22:32:00+00,2025-04-27,6120000,87,f,,,,,,,0,
2025-04-27 06:41:00+00,2025-04-27 13:38:30+00,2025-04-27,24540000,90,t,0,81,294,213,81,94,42,52
2025-04-26 03:09:30+00,2025-04-26 12:10:30+00,2025-04-26,31320000,88,t,91,81,260,212,125,92,64,52
2025-04-25 08:19:00+00,2025-04-25 13:27:00+00,2025-04-25,18480000,90,t,57,82,172,215,48,93,30,53
2025-04-24 04:07:00+00,2025-04-24 12:09:30+00,2025-04-24,26280000,89,t,103,82,192,215,140,92,46,54
2025-04-22 03:50:00+00,2025-04-22 12:04:00+00,2025-04-22,27360000,88,t,94,81,218,215,128,90,53,54
2025-04-21 03:51:30+00,2025-04-21 12:14:30+00,2025-04-21,29040000,87,t,104,80,218,218,119,89,61,54
2025-04-20 06:31:00+00,2025-04-20 13:14:30+00,2025-04-20,22800000,86,t,70,80,203,218,77,89,52,55
2025-04-19 15:52:00+00,2025-04-19 17:18:30+00,2025-04-19,5160000,74,f,,,,,,,0,
2025-04-19 04:23:30+00,2025-04-19 10:46:00+00,2025-04-19,21600000,91,t,61,81,185,216,101,88,34,57
2025-04-18 03:18:00+00,2025-04-18 11:35:00+00,2025-04-18,29820000,87,t,85,81,237,215,107,87,67,56
2025-04-17 04:28:00+00,2025-04-17 11:02:00+00,2025-04-17,19920000,83,t,25,82,255,212,56,87,58,56
2025-04-16 03:58:00+00,2025-04-16 11:09:30+00,2025-04-16,22800000,83,t,72,82,207,215,86,89,65,56
2025-04-15 04:49:30+00,2025-04-15 10:17:30+00,2025-04-15,15840000,86,t,41,82,177,215,71,88,37,56
2025-04-14 02:49:30+00,2025-04-14 11:57:30+00,2025-04-14,31980000,85,t,90,82,250,215,127,89,80,56
2025-04-13 04:33:30+00,2025-04-13 12:47:30+00,2025-04-13,27300000,87,t,102,82,235,214,99,89,57,56
2025-04-12 02:46:30+00,2025-04-12 12:00:30+00,2025-04-12,33240000,90,t,118,80,252,213,129,88,54,57
2025-04-11 04:47:30+00,2025-04-11 11:20:30+00,2025-04-11,22380000,87,t,63,81,186,216,95,89,48,58
2025-04-10 04:16:30+00,2025-04-10 11:02:30+00,2025-04-10,21540000,85,t,107,80,151,218,93,90,54,57
2025-04-09 03:16:00+00,2025-04-09 10:06:30+00,2025-04-09,24600000,90,t,67,81,232,220,69,91,42,58
2025-04-08 02:30:30+00,2025-04-08 09:46:00+00,2025-04-08,26100000,91,t,67,81,231,219,96,91,41,58
2025-04-07 03:16:00+00,2025-04-07 12:20:00+00,2025-04-07,30300000,86,t,108,80,273,220,92,91,70,58
2025-04-06 05:16:30+00,2025-04-06 12:20:30+00,2025-04-06,25440000,92,t,111,79,160,227,119,88,33,60
2025-04-05 05:04:00+00,2025-04-05 12:01:00+00,2025-04-05,23700000,88,t,90,80,183,233,96,89,47,62
2025-04-04 05:24:00+00,2025-04-04 11:59:00+00,2025-04-04,22020000,87,t,70,80,183,236,93,89,48,64
2025-04-03 06:31:00+00,2025-04-03 12:48:00+00,2025-04-03,21600000,87,t,75,81,173,238,82,89,46,64
2025-04-02 03:28:00+00,2025-04-02 11:37:00+00,2025-04-02,28500000,88,t,56,82,294,236,82,89,55,64
2025-04-01 02:09:00+00,2025-04-01 09:30:30+00,2025-04-01,26460000,88,t,89,81,220,237,80,89,51,64
2025-03-31 07:13:00+00,2025-03-31 12:18:30+00,2025-03-31,17820000,87,t,55,81,162,243,47,89,40,65
2025-03-30 04:33:00+00,2025-03-30 12:07:30+00,2025-03-30,26100000,89,t,111,81,211,242,85,92,47,65
2025-03-29 06:00:00+00,2025-03-29 13:37:00+00,2025-03-29,27420000,86,t,63,80,237,244,93,91,63,66
2025-03-28 04:58:00+00,2025-03-28 12:04:30+00,2025-03-28,24060000,87,t,106,80,178,244,89,92,52,66
2025-03-27 05:00:30+00,2025-03-27 11:53:30+00,2025-03-27,21960000,81,t,66,81,228,246,49,94,69,66
2025-03-26 03:36:00+00,2025-03-26 12:13:30+00,2025-03-26,31020000,87,t,100,81,261,246,90,94,66,66
2025-03-25 04:10:30+00,2025-03-25 11:49:00+00,2025-03-25,26940000,84,t,88,78,193,249,107,93,70,66
2025-03-24 02:57:30+00,2025-03-24 11:55:30+00,2025-03-24,31140000,91,t,99,77,270,247,122,92,46,66
2025-03-23 03:19:00+00,2025-03-23 08:30:00+00,2025-03-23,18660000,83,t,58,78,167,249,34,92,52,66
2025-03-22 03:39:00+00,2025-03-22 12:46:30+00,2025-03-22,31920000,85,t,91,77,295,248,82,93,79,65
2025-03-21 07:09:30+00,2025-03-21 13:56:30+00,2025-03-21,23220000,81,t,68,78,191,246,73,95,74,65
2025-03-20 05:35:00+00,2025-03-20 12:53:30+00,2025-03-20,25680000,80,t,80,79,180,248,91,96,86,65
2025-03-18 07:05:00+00,2025-03-18 12:32:30+00,2025-03-18,19200000,85,t,55,81,166,250,59,95,47,65
2025-03-17 18:20:30+00,2025-03-17 19:51:30+00,2025-03-17,4800000,48,f,,,,,,,0,
2025-03-17 04:21:00+00,2025-03-17 11:54:00+00,2025-03-17,26700000,90,t,69,80,215,249,123,95,45,65
2025-03-16 06:23:30+00,2025-03-16 12:37:30+00,2025-03-16,22440000,86,t,63,81,202,248,57,96,51,64
2025-03-15 03:17:00+00,2025-03-15 12:16:00+00,2025-03-15,31680000,87,t,86,82,226,247,156,96,70,65
2025-03-14 04:45:00+00,2025-03-14 12:41:30+00,2025-03-14,27720000,87,t,86,81,223,248,107,96,60,64
2025-03-13 05:19:00+00,2025-03-13 13:10:00+00,2025-03-13,28260000,83,t,81,80,229,248,80,96,80,63
2025-03-12 03:30:30+00,2025-03-12 12:43:30+00,2025-03-12,31440000,86,t,79,81,272,245,130,94,71,64
2025-03-11 05:18:00+00,2025-03-11 12:43:30+00,2025-03-11,26280000,90,t,85,81,200,247,115,93,45,65
2025-03-10 05:04:00+00,2025-03-10 13:49:30+00,2025-03-10,31080000,89,t,82,81,274,247,110,92,59,66
2025-03-09 07:28:00+00,2025-03-09 13:29:30+00,2025-03-09,22500000,87,t,66,82,217,247,88,92,50,67
2025-03-08 06:12:00+00,2025-03-08 15:37:30+00,2025-03-08,33240000,89,t,96,82,314,245,96,93,59,68
2025-03-07 09:32:30+00,2025-03-07 15:45:30+00,2025-03-07,21840000,84,t,57,80,215,237,40,93,60,66
2025-03-07 04:34:30+00,2025-03-07 07:34:00+00,2025-03-07,9960000,30,f,,,,,,,0,
2024-02-19 04:53:30+00,2024-02-19 14:35:30+00,2024-02-19,34920000,87,t,114,81,245,223,148,94,74,64
2024-02-18 07:22:00+00,2024-02-18 14:50:30+00,2024-02-18,26880000,82,t,86,81,180,224,100,95,82,63
2024-02-16 04:48:30+00,2024-02-16 10:10:30+00,2024-02-16,19260000,85,t,46,84,174,226,53,97,48,64
2024-02-15 08:12:30+00,2024-02-15 15:41:30+00,2024-02-15,26940000,85,t,78,84,238,226,65,98,67,64
2024-02-14 09:34:30+00,2024-02-14 15:05:30+00,2024-02-14,19860000,87,t,34,85,193,229,61,98,42,65
2024-02-13 05:58:00+00,2024-02-13 14:33:30+00,2024-02-13,30900000,87,t,103,85,245,229,100,98,66,65
2024-02-12 15:48:30+00,2024-02-12 19:44:30+00,2024-02-12,14160000,76,t,22,87,156,228,0,100,57,64
2024-02-12 12:07:30+00,2024-02-12 13:34:00+00,2024-02-12,5160000,73,f,,,,,,,0,
2024-02-11 05:31:30+00,2024-02-11 14:14:30+00,2024-02-11,31380000,85,t,39,88,310,224,94,100,79,63
2024-02-10 03:29:30+00,2024-02-10 14:36:30+00,2024-02-10,40020000,86,t,122,87,306,221,145,100,94,62
2024-02-09 05:15:00+00,2024-02-09 09:29:00+00,2024-02-09,15240000,88,t,51,90,122,224,49,103,31,64
2024-02-08 12:24:00+00,2024-02-08 14:53:30+00,2024-02-08,8940000,92,f,,,,,,,0,
2024-02-08 06:35:30+00,2024-02-08 11:02:00+00,2024-02-08,15960000,85,t,47,92,140,225,40,105,39,64
2024-02-07 07:42:00+00,2024-02-07 15:09:30+00,2024-02-07,26820000,87,t,94,91,175,227,122,103,56,65
2024-02-06 04:54:30+00,2024-02-06 11:21:30+00,2024-02-06,23220000,86,t,54,93,199,226,79,105,54,65
2024-02-05 04:59:00+00,2024-02-05 14:06:00+00,2024-02-05,32340000,88,t,109,93,262,225,108,105,67,64
2024-02-04 06:27:00+00,2024-02-04 15:39:00+00,2024-02-04,33120000,90,t,104,91,242,224,153,103,53,64
2024-02-03 06:29:30+00,2024-02-03 15:00:30+00,2024-02-03,30660000,87,t,85,92,239,223,120,102,66,64
2024-02-02 09:35:30+00,2024-02-02 15:32:00+00,2024-02-02,21360000,89,t,82,92,162,228,73,104,39,65
2024-02-02 05:51:30+00,2024-02-02 06:54:30+00,2024-02-02,3780000,90,f,,,,,,,0,
2025-03-06 06:18:00+00,2025-03-06 17:52:30+00,2025-03-06,39840000,83,t,110,80,357,235,115,93,111,64
2025-03-05 05:20:00+00,2025-03-05 14:17:30+00,2025-03-05,31380000,83,t,92,80,277,233,80,95,88,63
2025-03-04 06:19:30+00,2025-03-04 14:11:30+00,2025-03-04,27600000,88,t,88,79,231,232,96,94,56,64
2025-03-03 21:34:00+00,2025-03-03 23:29:00+00,2025-03-03,6900000,52,t,,,,,,,0,
2025-03-02 05:37:00+00,2025-03-02 12:55:00+00,2025-03-02,24900000,88,t,59,79,265,236,63,93,50,66
2025-03-01 04:29:00+00,2025-03-01 13:06:30+00,2025-03-01,28860000,85,t,73,80,308,236,66,95,70,67
2025-02-28 04:19:30+00,2025-02-28 12:56:30+00,2025-02-28,31020000,90,t,101,79,204,236,157,93,53,67
2025-02-27 04:52:00+00,2025-02-27 12:45:30+00,2025-02-27,27840000,85,t,51,81,279,234,73,94,69,67
2025-02-26 06:29:30+00,2025-02-26 13:30:00+00,2025-02-26,24780000,87,t,81,80,182,236,104,93,53,67
2025-02-25 03:44:00+00,2025-02-25 13:44:30+00,2025-02-25,33840000,85,t,113,78,293,232,111,92,82,65
2025-02-23 04:51:30+00,2025-02-23 12:19:30+00,2025-02-23,26040000,87,t,32,80,279,229,81,93,56,65
2025-02-22 05:28:00+00,2025-02-22 12:32:30+00,2025-02-22,24960000,84,t,65,81,216,229,77,94,66,65
2025-02-21 06:10:00+00,2025-02-21 12:19:30+00,2025-02-21,22140000,89,t,71,81,210,230,47,94,40,66
2025-02-20 17:54:30+00,2025-02-20 18:58:30+00,2025-02-20,3300000,13,f,,,,,,,0,
2025-02-20 05:48:00+00,2025-02-20 13:17:30+00,2025-02-20,26160000,89,t,73,81,222,229,104,96,49,66
2025-02-19 04:07:00+00,2025-02-19 11:22:00+00,2025-02-19,26100000,85,t,102,81,140,232,128,95,65,66
2025-02-18 03:37:30+00,2025-02-18 13:00:30+00,2025-02-18,29820000,84,t,109,78,245,230,130,90,78,64
2025-02-17 07:32:30+00,2025-02-17 13:18:30+00,2025-02-17,20340000,89,t,59,79,202,231,48,92,36,65
2025-02-17 02:58:30+00,2025-02-17 04:34:30+00,2025-02-16,4440000,36,f,,,,,,,0,
2025-02-16 05:31:30+00,2025-02-16 13:01:30+00,2025-02-16,24480000,85,t,107,77,197,231,82,92,63,64
2025-02-15 04:14:30+00,2025-02-15 12:08:30+00,2025-02-15,27960000,89,t,59,79,254,232,107,92,53,65
2025-02-14 04:23:30+00,2025-02-14 11:06:30+00,2025-02-14,23580000,87,t,76,79,177,232,100,91,50,65
2025-02-13 03:37:00+00,2025-02-13 12:50:30+00,2025-02-13,31200000,84,t,127,77,193,233,149,89,83,64
2025-02-12 04:19:00+00,2025-02-12 11:37:30+00,2025-02-12,25740000,90,t,44,78,258,237,92,88,43,66
2025-02-11 02:56:00+00,2025-02-11 10:04:30+00,2025-02-11,25680000,87,t,62,79,222,238,87,88,56,66
2025-02-10 03:29:00+00,2025-02-10 11:19:30+00,2025-02-10,25920000,79,t,99,78,201,244,79,89,90,66
2025-02-08 03:51:30+00,2025-02-08 13:00:30+00,2025-02-08,32940000,83,t,88,78,283,244,81,92,95,65
2025-02-07 04:03:00+00,2025-02-07 11:36:30+00,2025-02-07,25740000,83,t,81,78,209,242,90,90,72,64
2025-02-06 01:55:30+00,2025-02-06 11:27:30+00,2025-02-06,33960000,85,t,98,79,257,242,130,91,86,64
2025-02-05 07:25:30+00,2025-02-05 11:05:00+00,2025-02-05,13140000,88,t,32,81,121,243,39,92,27,65
2025-02-04 21:23:30+00,2025-02-04 23:06:00+00,2025-02-04,6120000,62,f,,,,,,,0,
2025-02-04 05:34:00+00,2025-02-04 13:26:30+00,2025-02-04,28320000,87,t,76,80,237,240,97,90,62,64
2025-02-03 05:39:30+00,2025-02-03 14:12:30+00,2025-02-03,30780000,88,t,103,79,217,240,128,90,64,64
2025-02-02 05:36:30+00,2025-02-02 13:04:00+00,2025-02-02,26400000,85,t,65,79,227,240,89,88,65,64
2025-02-01 04:33:00+00,2025-02-01 12:18:30+00,2025-02-01,24660000,81,t,96,78,212,243,78,87,79,64
2025-01-31 03:27:00+00,2025-01-31 13:25:00+00,2025-01-31,35460000,80,t,47,78,394,239,40,88,116,62
2025-01-30 03:22:00+00,2025-01-30 13:10:30+00,2025-01-30,35280000,87,t,93,77,288,238,128,87,78,61
2025-01-29 03:42:00+00,2025-01-29 11:10:00+00,2025-01-29,26220000,87,t,87,77,209,239,94,87,56,61
2025-01-28 05:15:00+00,2025-01-28 13:09:00+00,2025-01-28,28440000,86,t,86,78,226,239,96,88,65,61
2025-01-27 16:33:00+00,2025-01-27 17:49:30+00,2025-01-27,4560000,63,f,,,,,,,0,
2025-01-27 05:14:30+00,2025-01-27 11:11:00+00,2025-01-27,21360000,88,t,37,80,200,238,76,90,42,61
2025-01-26 08:32:00+00,2025-01-26 14:42:30+00,2025-01-26,21600000,91,t,66,80,188,240,82,90,34,62
2025-01-25 07:08:00+00,2025-01-25 15:09:30+00,2025-01-25,28860000,90,t,80,80,256,238,97,89,48,62
2025-01-24 05:31:30+00,2025-01-24 12:16:00+00,2025-01-24,22560000,84,t,85,79,166,241,92,88,60,62
2025-01-23 05:15:30+00,2025-01-23 13:17:00+00,2025-01-23,25380000,83,t,90,80,207,244,112,88,72,61
2025-01-22 03:44:30+00,2025-01-22 11:11:30+00,2025-01-22,26160000,85,t,80,82,235,245,65,90,66,61
2025-01-21 03:45:00+00,2025-01-21 13:10:30+00,2025-01-21,32880000,87,t,83,82,251,243,157,87,73,61
2025-01-20 04:05:30+00,2025-01-20 11:11:30+00,2025-01-20,24840000,88,t,76,82,214,243,84,86,51,61
2025-01-19 09:58:30+00,2025-01-19 15:03:30+00,2025-01-19,16980000,84,t,43,84,208,247,7,91,46,62
2025-01-18 07:09:00+00,2025-01-18 15:09:00+00,2025-01-18,28800000,87,t,88,83,228,248,99,91,64,62
2025-01-17 04:36:00+00,2025-01-17 11:42:30+00,2025-01-17,25140000,88,t,42,83,255,246,78,90,50,62
2025-01-16 03:17:30+00,2025-01-16 12:59:30+00,2025-01-16,34380000,88,t,123,83,272,246,117,88,69,62
2025-01-15 04:03:00+00,2025-01-15 11:06:30+00,2025-01-15,24660000,85,t,95,83,196,252,70,90,62,63
2025-01-14 13:49:00+00,2025-01-14 16:19:00+00,2025-01-14,8520000,39,f,,,,,,,0,
2025-01-14 06:02:00+00,2025-01-14 10:19:30+00,2025-01-14,14520000,85,t,23,83,155,255,42,92,36,64
2025-01-13 21:24:30+00,2025-01-13 22:30:00+00,2025-01-13,3900000,63,f,,,,,,,0,
2025-01-13 05:27:00+00,2025-01-13 14:34:00+00,2025-01-13,32820000,85,t,85,85,310,251,67,94,84,63
2025-01-11 04:27:00+00,2025-01-11 14:48:00+00,2025-01-11,37260000,89,t,62,85,381,246,106,95,71,64
2025-01-10 03:57:00+00,2025-01-10 12:50:30+00,2025-01-10,30540000,85,t,90,86,252,246,113,95,78,64
2025-01-09 03:55:00+00,2025-01-09 13:13:30+00,2025-01-09,31500000,88,t,85,86,276,245,133,94,63,65
2025-01-08 05:53:30+00,2025-01-08 11:00:00+00,2025-01-08,18360000,86,t,85,86,141,248,35,97,44,66
2025-01-07 04:33:00+00,2025-01-07 15:11:00+00,2025-01-07,38280000,87,t,124,85,257,249,175,93,80,67
2025-01-06 04:56:00+00,2025-01-06 11:08:00+00,2025-01-06,21660000,82,t,80,87,157,254,69,95,65,68
2025-01-05 07:37:00+00,2025-01-05 13:58:30+00,2025-01-05,21900000,86,t,72,86,207,253,51,96,51,68
2025-01-04 06:54:00+00,2025-01-04 15:00:30+00,2025-01-04,28560000,87,t,84,85,231,250,110,95,61,67
2025-01-03 22:06:30+00,2025-01-03 23:14:30+00,2025-01-03,3360000,55,f,,,,,,,0,
2025-01-03 07:09:30+00,2025-01-03 12:06:30+00,2025-01-03,14820000,79,t,47,85,178,248,18,97,53,67
2025-01-02 09:13:00+00,2025-01-02 17:28:00+00,2025-01-02,29700000,86,t,62,85,299,248,66,96,67,67
2025-01-01 08:26:30+00,2025-01-01 16:03:00+00,2025-01-01,27360000,87,t,50,86,272,249,75,96,59,67
2024-12-31 03:31:00+00,2024-12-31 11:34:00+00,2024-12-31,26700000,89,t,82,86,260,248,92,97,47,67
2024-12-30 04:46:00+00,2024-12-30 07:15:00+00,2024-12-30,8220000,61,t,,,,,,,0,
2024-12-29 05:44:30+00,2024-12-29 14:41:00+00,2024-12-29,30960000,87,t,108,86,226,244,133,96,69,67
2024-12-28 06:02:00+00,2024-12-28 14:31:00+00,2024-12-28,29520000,90,t,122,84,211,246,125,95,50,67
2024-12-27 04:59:30+00,2024-12-27 12:32:00+00,2024-12-27,27120000,88,t,66,85,242,248,88,96,56,68
2024-12-26 15:17:00+00,2024-12-26 16:47:00+00,2024-12-26,2760000,74,f,,,,,,,0,
2024-12-26 08:46:30+00,2024-12-26 14:11:00+00,2024-12-26,19440000,88,t,61,85,168,249,56,97,39,69
2024-12-25 06:48:30+00,2024-12-25 14:02:30+00,2024-12-25,26040000,88,t,52,88,261,251,67,97,54,70
2024-12-24 05:01:30+00,2024-12-24 14:04:30+00,2024-12-24,30720000,89,t,127,86,270,250,89,96,56,70
2024-12-23 04:38:30+00,2024-12-23 14:18:30+00,2024-12-23,34140000,86,t,112,86,262,246,127,95,78,69
2024-12-22 07:08:30+00,2024-12-22 14:35:00+00,2024-12-22,26760000,88,t,99,86,203,246,90,96,54,70
2024-12-21 07:47:00+00,2024-12-21 14:23:30+00,2024-12-21,23760000,88,t,69,86,222,247,58,97,47,70
2024-12-20 03:41:30+00,2024-12-20 13:55:30+00,2024-12-20,36840000,88,t,93,86,312,242,134,96,73,69
2024-12-19 04:31:00+00,2024-12-19 13:22:30+00,2024-12-19,31020000,84,t,74,87,268,240,104,97,85,69
2024-12-18 03:58:30+00,2024-12-18 09:38:30+00,2024-12-18,19320000,88,t,43,88,198,242,58,96,40,70
2024-12-17 04:54:00+00,2024-12-17 13:14:30+00,2024-12-17,27240000,83,t,106,85,270,238,49,97,75,68
2024-12-16 03:15:30+00,2024-12-16 14:16:30+00,2024-12-16,38460000,86,t,95,86,354,233,121,97,89,67
2024-12-15 02:42:30+00,2024-12-15 12:33:30+00,2024-12-15,34740000,85,t,70,86,313,228,122,95,84,66
2024-12-14 03:31:30+00,2024-12-14 13:26:30+00,2024-12-14,35280000,88,t,128,85,254,230,140,95,71,66
2024-12-13 03:46:00+00,2024-12-13 12:48:00+00,2024-12-13,31500000,86,t,80,85,257,228,128,93,76,65
2024-12-12 04:57:00+00,2024-12-12 12:46:30+00,2024-12-12,28140000,86,t,72,85,242,229,90,92,64,65
2024-12-11 03:47:30+00,2024-12-11 13:44:30+00,2024-12-11,34800000,83,t,127,84,252,228,119,91,98,64
2024-12-10 03:53:30+00,2024-12-10 12:10:30+00,2024-12-10,29220000,83,t,70,85,237,226,106,90,84,63
2024-12-09 04:48:00+00,2024-12-09 13:38:00+00,2024-12-09,29760000,83,t,93,84,242,225,109,88,85,62
2024-12-08 03:51:30+00,2024-12-08 12:23:00+00,2024-12-08,24420000,78,t,87,84,275,228,60,89,89,62
2024-12-07 05:07:00+00,2024-12-07 16:25:30+00,2024-12-07,40680000,85,t,134,81,293,227,151,85,100,61
2024-12-06 05:31:30+00,2024-12-06 11:26:00+00,2024-12-06,20640000,86,t,54,82,171,228,79,87,49,61
2024-12-05 04:37:00+00,2024-12-05 09:58:00+00,2024-12-05,19260000,87,t,59,82,153,231,67,88,41,62
2024-12-04 05:34:30+00,2024-12-04 11:08:00+00,2024-12-04,19980000,89,t,38,85,180,239,77,88,38,65
2024-12-03 05:23:30+00,2024-12-03 13:50:00+00,2024-12-03,29280000,85,t,77,86,293,240,60,88,75,66
2024-12-02 21:38:00+00,2024-12-02 22:58:30+00,2024-12-02,4800000,59,f,,,,,,,0,
2024-12-02 03:48:30+00,2024-12-02 11:04:00+00,2024-12-02,25380000,84,t,80,86,229,241,60,88,66,65
2024-12-01 04:10:00+00,2024-12-01 12:01:00+00,2024-12-01,27480000,89,t,81,87,230,245,109,88,50,66
2024-11-30 04:17:30+00,2024-11-30 11:51:30+00,2024-11-30,25620000,84,t,104,86,171,247,109,87,69,66
2024-11-29 02:59:00+00,2024-11-29 10:06:00+00,2024-11-29,25620000,88,t,74,86,195,247,105,86,52,66
2024-11-28 02:05:30+00,2024-11-28 10:08:00+00,2024-11-28,27480000,86,t,64,86,260,245,95,84,63,65
2024-02-01 05:41:30+00,2024-02-01 11:28:00+00,2024-02-01,20760000,87,t,63,93,183,230,55,106,44,66
2024-01-31 05:46:00+00,2024-01-31 14:00:30+00,2024-01-31,29640000,87,t,77,92,234,227,120,104,62,65
2024-01-30 04:30:00+00,2024-01-30 09:47:30+00,2024-01-30,19020000,79,t,56,94,134,236,62,106,65,66
2024-11-27 03:04:00+00,2024-11-27 13:14:30+00,2024-11-27,36600000,87,t,106,86,312,242,111,84,80,65
2024-11-26 08:13:30+00,2024-11-26 10:05:30+00,2024-11-26,5760000,65,t,,,,,,,0,
2024-11-25 16:37:00+00,2024-11-25 19:28:30+00,2024-11-25,9180000,61,f,,,,,,,0,
2024-11-25 04:04:00+00,2024-11-25 11:01:00+00,2024-11-25,24660000,85,t,98,85,197,240,62,84,60,64
2024-11-24 18:51:00+00,2024-11-24 20:13:00+00,2024-11-24,3960000,64,f,,,,,,,0,
2024-11-24 09:13:30+00,2024-11-24 14:47:00+00,2024-11-24,18840000,87,t,38,84,187,241,65,84,42,64
2024-11-23 05:24:00+00,2024-11-23 13:01:00+00,2024-11-23,27420000,87,t,114,84,172,244,111,83,59,64
2024-11-22 04:45:00+00,2024-11-22 12:31:30+00,2024-11-22,27960000,85,t,98,84,197,246,101,83,69,64
2024-11-21 20:52:00+00,2024-11-21 23:02:30+00,2024-11-21,6900000,60,f,,,,,,,0,
2024-11-21 07:48:30+00,2024-11-21 09:57:00+00,2024-11-21,7680000,55,t,,,,,,,0,
2024-11-21 04:17:00+00,2024-11-21 06:46:30+00,2024-11-21,6720000,38,f,,,,,,,0,
2024-11-20 05:21:00+00,2024-11-20 12:00:00+00,2024-11-20,23940000,91,t,88,85,170,250,103,83,37,65
2024-11-19 05:07:00+00,2024-11-19 13:43:30+00,2024-11-19,29160000,83,t,86,85,222,249,123,82,85,64
2024-11-18 15:53:00+00,2024-11-18 17:46:00+00,2024-11-18,6780000,57,f,,,,,,,0,
2024-11-18 05:40:30+00,2024-11-18 11:05:00+00,2024-11-18,17580000,83,t,63,85,168,249,42,82,50,64
2024-11-17 09:39:30+00,2024-11-17 14:08:30+00,2024-11-17,15600000,90,t,33,86,155,253,54,81,26,65
2024-11-16 04:22:30+00,2024-11-16 12:51:30+00,2024-11-16,29640000,87,t,117,86,210,256,119,80,63,66
2024-11-15 09:40:30+00,2024-11-15 15:46:30+00,2024-11-15,21960000,88,t,68,86,184,259,69,81,44,67
2024-11-14 01:55:30+00,2024-11-14 12:29:00+00,2024-11-14,37980000,88,t,99,86,314,255,143,78,76,67
2024-11-13 03:05:30+00,2024-11-13 10:01:30+00,2024-11-13,24540000,87,t,80,88,195,258,87,79,53,68
2024-11-12 20:05:30+00,2024-11-12 21:45:00+00,2024-11-12,5940000,42,f,,,,,,,0,
2024-11-12 06:34:30+00,2024-11-12 12:23:00+00,2024-11-12,20460000,84,t,66,89,181,256,46,81,54,68
2024-11-10 06:28:00+00,2024-11-10 13:10:00+00,2024-11-10,23580000,87,t,101,91,181,255,68,84,52,69
2024-11-09 08:01:30+00,2024-11-09 15:12:00+00,2024-11-09,24840000,84,t,70,91,235,256,60,86,65,70
2024-11-08 23:11:00+00,2024-11-09 00:24:30+00,2024-11-08,3900000,51,f,,,,,,,0,
2024-11-08 03:24:30+00,2024-11-08 12:20:00+00,2024-11-08,32100000,86,t,81,91,293,253,86,86,75,68
2024-11-07 04:03:30+00,2024-11-07 11:41:00+00,2024-11-07,24900000,86,t,69,91,272,251,55,86,60,68
2024-11-06 06:44:30+00,2024-11-06 14:16:00+00,2024-11-06,26640000,85,t,69,92,192,257,124,85,65,68
2024-11-05 07:46:30+00,2024-11-05 15:18:30+00,2024-11-05,25500000,85,t,63,92,235,256,88,84,65,67
2024-11-04 04:29:00+00,2024-11-04 16:30:30+00,2024-11-04,42360000,84,t,122,90,405,252,84,85,110,66
2024-11-03 04:42:00+00,2024-11-03 15:24:30+00,2024-11-03,34920000,83,t,98,89,314,249,72,86,98,64
2024-11-02 04:33:30+00,2024-11-02 13:11:30+00,2024-11-02,31080000,86,t,86,88,302,247,56,87,73,64
2024-11-01 02:40:00+00,2024-11-01 13:02:30+00,2024-11-01,36420000,88,t,110,87,340,243,99,86,72,63
2024-10-31 04:21:30+00,2024-10-31 11:29:00+00,2024-10-31,25620000,87,t,70,88,217,242,86,86,54,63
2024-10-30 01:50:00+00,2024-10-30 09:01:00+00,2024-10-30,25860000,87,t,84,89,212,245,77,87,57,63
2024-10-29 05:19:00+00,2024-10-29 11:32:30+00,2024-10-29,22380000,87,t,74,89,201,248,48,90,49,63
2024-10-28 04:04:00+00,2024-10-28 12:08:30+00,2024-10-28,26820000,86,t,99,88,222,246,101,89,62,63
2024-10-27 07:18:00+00,2024-10-27 13:59:30+00,2024-10-27,24060000,88,t,47,89,241,249,64,90,49,64
2024-10-26 12:43:00+00,2024-10-26 15:09:30+00,2024-10-26,7080000,47,f,,,,,,,0,
2024-10-26 04:03:30+00,2024-10-26 10:46:30+00,2024-10-26,22320000,86,t,89,88,186,249,75,90,52,64
2024-10-25 01:58:00+00,2024-10-25 09:21:00+00,2024-10-25,25140000,86,t,55,88,259,250,69,91,59,64
2024-10-24 02:37:00+00,2024-10-24 11:33:30+00,2024-10-24,30060000,85,t,110,88,261,250,89,91,75,64
2024-10-23 00:51:00+00,2024-10-23 09:00:30+00,2024-10-23,29340000,88,t,99,85,236,248,93,89,60,63
2024-10-22 03:50:00+00,2024-10-22 11:19:00+00,2024-10-22,26400000,88,t,87,85,243,248,67,88,51,63
2024-10-21 02:20:30+00,2024-10-21 11:45:30+00,2024-10-21,33000000,86,t,94,84,281,247,113,88,75,63
2024-10-20 04:49:30+00,2024-10-20 12:43:30+00,2024-10-20,26340000,85,t,102,84,200,249,106,87,64,63
2024-10-19 04:14:30+00,2024-10-19 11:59:30+00,2024-10-19,24660000,84,t,74,85,265,250,58,87,67,62
2024-10-18 08:46:30+00,2024-10-18 13:30:30+00,2024-10-18,17040000,87,t,55,85,186,252,4,88,38,63
2024-10-18 04:16:30+00,2024-10-18 05:31:00+00,2024-10-18,3360000,50,f,,,,,,,0,
2024-10-17 16:01:30+00,2024-10-17 18:05:00+00,2024-10-17,7380000,60,f,,,,,,,0,
2024-10-17 04:39:00+00,2024-10-17 13:26:30+00,2024-10-17,30660000,84,t,69,85,271,250,104,87,83,61
2024-10-15 04:49:30+00,2024-10-15 11:36:30+00,2024-10-15,22860000,85,t,82,83,194,259,72,86,58,63
2024-10-14 03:25:30+00,2024-10-14 13:33:30+00,2024-10-14,36060000,86,t,137,81,277,257,110,85,83,61
2024-10-13 05:05:30+00,2024-10-13 13:39:30+00,2024-10-13,30840000,88,t,123,81,204,257,125,84,62,61
2024-10-12 02:57:30+00,2024-10-12 12:06:30+00,2024-10-12,31440000,82,t,112,80,229,260,115,81,92,61
2024-10-11 03:45:00+00,2024-10-11 11:29:00+00,2024-10-11,27840000,87,t,116,78,178,262,109,78,60,61
2024-10-10 05:42:00+00,2024-10-10 14:59:30+00,2024-10-10,32340000,83,t,89,78,258,262,116,77,94,60
2024-10-09 03:35:00+00,2024-10-09 11:49:00+00,2024-10-09,28860000,90,t,81,78,272,269,92,76,48,63
2024-10-08 05:13:00+00,2024-10-08 11:29:00+00,2024-10-08,22560000,89,t,66,80,213,268,56,78,40,63
2024-10-07 00:33:00+00,2024-10-07 11:15:00+00,2024-10-07,37740000,87,t,104,78,353,263,103,78,81,62
2024-10-06 08:37:30+00,2024-10-06 14:55:30+00,2024-10-06,22680000,88,t,48,79,224,262,59,80,46,62
2024-10-05 02:22:30+00,2024-10-05 10:55:30+00,2024-10-05,30420000,88,t,80,81,266,261,107,79,59,63
2024-10-04 03:15:30+00,2024-10-04 10:44:30+00,2024-10-04,25320000,87,t,69,81,241,263,81,80,56,63
2024-10-03 03:51:30+00,2024-10-03 11:40:30+00,2024-10-03,25560000,85,t,65,82,232,260,106,78,64,62
2024-10-02 02:07:00+00,2024-10-02 08:58:30+00,2024-10-02,24660000,87,t,63,82,239,262,54,81,55,63
2024-10-01 04:06:00+00,2024-10-01 11:17:30+00,2024-10-01,25860000,91,t,106,81,185,262,102,80,37,63
2024-09-30 04:21:30+00,2024-09-30 13:38:30+00,2024-09-30,32580000,90,t,100,80,293,259,108,78,55,64
2024-09-29 03:21:00+00,2024-09-29 12:34:00+00,2024-09-29,33180000,88,t,84,81,293,258,111,77,64,64
2024-09-28 06:32:30+00,2024-09-28 12:15:00+00,2024-09-28,20520000,87,t,60,82,152,261,86,77,43,64
2024-09-27 02:17:00+00,2024-09-27 12:32:30+00,2024-09-27,34680000,86,t,91,81,347,256,94,76,82,63
2024-09-26 02:46:30+00,2024-09-26 11:16:30+00,2024-09-26,30240000,85,t,86,80,264,251,83,75,76,62
2024-09-25 03:45:00+00,2024-09-25 12:01:00+00,2024-09-25,28980000,86,t,46,81,289,249,92,75,67,61
2024-09-24 02:44:30+00,2024-09-24 11:55:30+00,2024-09-24,32040000,86,t,116,78,255,248,102,72,77,60
2024-09-23 17:05:30+00,2024-09-23 21:01:30+00,2024-09-23,13740000,89,t,22,80,161,248,27,74,26,61
2024-09-22 05:32:00+00,2024-09-22 12:42:30+00,2024-09-22,22260000,84,t,71,81,243,251,54,74,61,61
2024-09-21 04:32:00+00,2024-09-21 12:48:00+00,2024-09-21,29760000,88,t,78,82,262,251,96,75,59,62
2024-09-20 03:48:30+00,2024-09-20 12:24:00+00,2024-09-20,28920000,87,t,101,83,251,249,99,75,63,63
2024-09-19 03:31:00+00,2024-09-19 12:13:30+00,2024-09-19,31320000,89,t,110,82,304,247,52,78,55,63
2024-09-18 03:55:30+00,2024-09-18 11:34:30+00,2024-09-18,27540000,87,t,55,82,315,243,31,79,58,63
2024-09-17 10:22:30+00,2024-09-17 18:15:00+00,2024-09-17,28320000,88,t,90,81,254,243,71,79,57,63
2024-09-16 02:56:00+00,2024-09-16 12:54:30+00,2024-09-16,34860000,82,t,66,83,351,240,78,81,102,62
2024-09-15 03:35:30+00,2024-09-15 12:23:30+00,2024-09-15,31680000,89,t,58,82,362,234,51,81,56,61
2024-09-14 05:22:30+00,2024-09-14 12:39:00+00,2024-09-14,26160000,89,t,86,82,226,234,77,81,47,62
2024-09-13 03:03:00+00,2024-09-13 10:34:30+00,2024-09-13,26100000,86,t,101,81,191,235,96,81,63,61
2024-09-12 10:40:00+00,2024-09-12 13:32:00+00,2024-09-12,10320000,53,f,,,,,,,0,
2024-09-12 03:42:30+00,2024-09-12 09:07:30+00,2024-09-12,19500000,86,t,49,80,209,234,22,83,44,60
2024-09-11 15:47:30+00,2024-09-11 19:28:00+00,2024-09-11,12480000,80,f,40,80,108,231,31,86,41,
2024-09-11 03:10:30+00,2024-09-11 06:53:00+00,2024-09-11,12960000,81,t,27,80,148,231,5,86,42,60
2024-09-09 19:56:00+00,2024-09-09 22:03:30+00,2024-09-09,7620000,22,f,,,,,,,0,
2024-09-09 10:20:00+00,2024-09-09 15:36:00+00,2024-09-09,15780000,83,t,39,80,202,225,27,86,46,57
2024-09-09 03:44:30+00,2024-09-09 08:31:00+00,2024-09-09,15540000,82,f,39,80,167,225,33,86,47,
2024-09-08 04:29:00+00,2024-09-08 12:22:30+00,2024-09-08,27420000,89,t,117,79,196,230,109,84,51,59
2024-09-07 05:39:00+00,2024-09-07 12:36:30+00,2024-09-07,23460000,87,t,69,80,193,231,104,84,50,60
2024-09-06 05:37:00+00,2024-09-06 12:52:00+00,2024-09-06,25140000,87,t,80,81,195,234,105,85,55,60
2024-09-05 20:05:30+00,2024-09-05 21:41:30+00,2024-09-05,4380000,42,f,,,,,,,0,
2024-09-05 05:07:00+00,2024-09-05 12:19:30+00,2024-09-05,25320000,88,t,97,80,193,233,90,85,52,59
2024-09-04 03:08:30+00,2024-09-04 12:15:30+00,2024-09-04,31380000,86,t,87,80,280,229,108,84,71,58
2024-09-03 07:17:00+00,2024-09-03 12:40:00+00,2024-09-03,19380000,89,t,68,80,164,234,56,86,34,59
2024-09-02 02:38:30+00,2024-09-02 12:21:30+00,2024-09-02,34200000,87,t,87,80,290,233,132,86,73,59
2024-09-01 05:31:00+00,2024-09-01 12:11:00+00,2024-09-01,24000000,85,t,61,80,197,232,81,86,60,58
2024-08-31 06:30:30+00,2024-08-31 13:13:30+00,2024-08-31,24180000,84,t,83,80,195,233,60,87,64,57
2024-08-30 05:21:00+00,2024-08-30 13:34:30+00,2024-08-30,29040000,87,t,92,80,272,231,66,89,62,57
2024-08-29 04:38:00+00,2024-08-29 12:45:30+00,2024-08-29,29220000,87,t,97,79,243,229,84,88,62,56
2024-08-28 06:56:30+00,2024-08-28 13:13:00+00,2024-08-28,21480000,87,t,64,79,188,231,78,88,46,56
2024-08-27 07:10:00+00,2024-08-27 11:49:30+00,2024-08-27,16740000,89,t,58,80,131,238,60,90,30,58
2024-08-26 06:31:30+00,2024-08-26 13:04:00+00,2024-08-26,23520000,90,t,73,79,209,238,69,89,41,58
2024-01-29 04:34:30+00,2024-01-29 14:00:30+00,2024-01-29,33960000,86,t,134,93,214,236,135,103,82,65
2024-01-28 04:44:30+00,2024-01-28 14:41:00+00,2024-01-28,35760000,86,t,117,90,285,232,112,100,81,63
2024-08-25 07:10:00+00,2024-08-25 13:20:30+00,2024-08-25,21300000,83,t,40,80,241,237,29,90,59,57
2024-08-24 07:14:30+00,2024-08-24 13:24:00+00,2024-08-24,22140000,85,t,82,81,159,239,74,90,54,58
2024-08-23 18:56:00+00,2024-08-23 22:45:00+00,2024-08-23,12720000,90,t,30,81,130,237,47,91,21,58
2024-08-23 11:17:30+00,2024-08-23 14:32:30+00,2024-08-23,11700000,88,f,45,81,113,237,13,91,24,
2024-08-23 08:16:00+00,2024-08-23 10:02:30+00,2024-08-23,4740000,48,f,,,,,,,0,
2024-08-22 04:10:00+00,2024-08-22 14:06:30+00,2024-08-22,35760000,87,t,124,80,262,232,131,89,79,57
2024-08-21 04:07:00+00,2024-08-21 12:30:30+00,2024-08-21,28620000,81,t,114,78,207,233,92,89,89,57
2024-08-20 05:32:30+00,2024-08-20 14:17:30+00,2024-08-20,31020000,87,t,90,77,238,233,130,87,66,56
2024-08-19 04:21:30+00,2024-08-19 10:51:00+00,2024-08-19,22620000,89,t,60,77,215,232,73,87,41,56
2024-08-18 07:49:30+00,2024-08-18 14:32:30+00,2024-08-18,23760000,86,t,56,77,235,231,55,86,57,56
2024-08-17 04:38:00+00,2024-08-17 14:56:30+00,2024-08-17,36480000,86,t,116,77,272,230,142,85,87,55
2024-08-16 10:29:00+00,2024-08-16 16:15:30+00,2024-08-16,20220000,92,t,53,78,198,233,67,88,27,56
2024-08-15 04:11:30+00,2024-08-15 11:33:30+00,2024-08-15,25260000,85,t,72,78,232,233,72,89,65,56
2024-08-14 06:05:30+00,2024-08-14 12:55:30+00,2024-08-14,24240000,89,t,74,78,206,238,86,89,44,57
2024-08-13 07:05:00+00,2024-08-13 14:56:00+00,2024-08-13,28260000,89,t,48,80,286,236,85,90,50,58
2024-08-12 07:09:30+00,2024-08-12 14:37:00+00,2024-08-12,26820000,87,t,79,82,177,239,131,90,60,58
2024-08-11 06:26:30+00,2024-08-11 13:17:30+00,2024-08-11,24120000,90,t,57,83,250,239,63,90,40,58
2024-08-10 05:16:00+00,2024-08-10 13:11:00+00,2024-08-10,28500000,86,t,87,83,253,241,69,93,65,59
2024-01-27 10:50:00+00,2024-01-27 15:33:30+00,2024-01-27,16680000,90,t,39,93,162,237,52,101,29,65
2024-01-26 04:19:30+00,2024-01-26 13:33:30+00,2024-01-26,33240000,88,t,102,93,251,237,133,101,66,66
2024-01-25 06:34:30+00,2024-01-25 14:48:30+00,2024-01-25,29640000,87,t,109,93,220,241,101,102,63,67
2024-01-24 04:30:00+00,2024-01-24 14:33:30+00,2024-01-24,36180000,85,t,128,90,225,241,156,100,93,64
2024-01-23 03:22:00+00,2024-01-23 11:13:30+00,2024-01-23,28260000,88,t,74,92,256,240,86,101,55,65
2024-01-22 05:28:30+00,2024-01-22 15:18:00+00,2024-01-22,35340000,82,t,104,91,249,240,128,100,107,63
2024-01-21 06:15:00+00,2024-01-21 16:00:30+00,2024-01-21,35100000,89,t,75,92,328,238,115,101,66,63
2024-01-20 08:31:30+00,2024-01-20 15:00:30+00,2024-01-20,22980000,89,t,68,93,184,242,91,100,44,63
2024-01-19 06:25:00+00,2024-01-19 14:52:00+00,2024-01-19,30420000,89,t,110,92,202,243,136,99,58,63
2024-01-18 05:08:30+00,2024-01-18 14:45:00+00,2024-01-18,34560000,86,t,122,90,272,243,101,97,80,62
2024-01-17 04:16:30+00,2024-01-17 11:27:30+00,2024-01-17,25860000,88,t,85,90,195,247,100,99,50,63
2024-01-15 14:55:00+00,2024-01-15 15:58:30+00,2024-01-15,3780000,97,f,,,,,,,0,
2024-01-15 05:19:30+00,2024-01-15 12:30:00+00,2024-01-15,25800000,84,t,65,89,243,241,54,99,67,61
2024-01-13 08:10:30+00,2024-01-13 15:21:00+00,2024-01-13,25800000,87,t,87,87,212,237,73,100,57,60
2024-01-12 09:20:00+00,2024-01-12 15:38:30+00,2024-01-12,22680000,91,t,64,87,187,240,91,101,35,61
2024-01-11 05:44:00+00,2024-01-11 14:44:00+00,2024-01-11,32400000,87,t,109,86,227,241,134,100,69,61
2024-01-10 05:17:30+00,2024-01-10 14:48:30+00,2024-01-10,34260000,84,t,128,83,207,242,144,97,91,59
2024-01-09 05:27:30+00,2024-01-09 14:29:30+00,2024-01-09,32520000,85,t,106,83,245,243,107,98,83,58
2024-01-08 07:09:30+00,2024-01-08 14:55:30+00,2024-01-08,27900000,85,t,74,83,243,240,76,99,71,57
2024-01-07 09:31:30+00,2024-01-07 17:29:00+00,2024-01-07,28620000,90,t,121,83,179,242,127,99,49,58
2024-01-06 06:58:30+00,2024-01-06 15:13:30+00,2024-01-06,29700000,89,t,101,84,225,242,115,99,52,58
2024-01-05 05:04:30+00,2024-01-05 11:23:30+00,2024-01-05,22740000,90,t,58,85,205,242,76,101,39,60
2024-01-04 09:19:00+00,2024-01-04 17:35:30+00,2024-01-04,29760000,87,t,106,85,232,242,94,102,64,61
2024-01-03 05:02:30+00,2024-01-03 15:56:30+00,2024-01-03,39180000,86,t,101,86,330,240,131,101,91,60
2024-01-02 15:21:30+00,2024-01-02 18:01:00+00,2024-01-02,9480000,90,t,,,,,,,0,
2024-01-02 06:16:30+00,2024-01-02 08:40:30+00,2024-01-02,8640000,97,f,,,,,,,0,
2024-01-01 08:21:00+00,2024-01-01 14:13:30+00,2024-01-01,21120000,89,t,53,85,171,240,88,101,39,60
2023-12-31 05:51:00+00,2023-12-31 17:09:00+00,2023-12-31,40680000,87,t,106,85,372,235,114,100,85,59
2023-12-30 06:57:00+00,2023-12-30 13:14:30+00,2023-12-30,22620000,86,t,87,85,203,234,35,100,52,59
2023-12-29 10:55:00+00,2023-12-29 16:44:30+00,2023-12-29,20940000,87,t,60,85,196,234,46,101,47,59
2023-12-28 14:54:00+00,2023-12-28 17:13:30+00,2023-12-28,8280000,93,f,,,,,,,0,
2023-12-28 05:59:30+00,2023-12-28 13:13:00+00,2023-12-28,25680000,87,t,97,84,216,231,62,101,57,58
2023-12-27 05:11:30+00,2023-12-27 14:03:30+00,2023-12-27,31920000,84,t,84,84,248,234,113,102,86,57
2023-12-26 16:00:00+00,2023-12-26 18:51:30+00,2023-12-26,10260000,89,f,,,,,,,0,
2023-12-26 04:42:30+00,2023-12-26 13:11:30+00,2023-12-26,30540000,89,t,90,84,253,229,111,101,54,57
2023-12-25 08:26:30+00,2023-12-25 15:03:30+00,2023-12-25,23820000,93,t,55,85,228,229,86,101,27,58
2023-12-24 07:07:00+00,2023-12-24 16:05:30+00,2023-12-24,32280000,85,t,121,85,214,231,121,102,81,57
2023-12-23 06:25:30+00,2023-12-23 14:36:30+00,2023-12-23,29460000,91,t,79,86,264,228,102,101,45,57
2023-12-22 15:22:00+00,2023-12-22 18:07:30+00,2023-12-22,9900000,87,f,,,,,,,0,
2023-12-22 06:59:30+00,2023-12-22 13:48:30+00,2023-12-22,24420000,92,t,97,86,167,226,112,100,33,57
2023-12-21 06:03:00+00,2023-12-21 14:11:00+00,2023-12-21,29280000,92,t,97,87,273,224,76,101,41,59
2023-12-20 06:09:30+00,2023-12-20 14:00:00+00,2023-12-20,28200000,90,t,86,87,237,222,97,100,49,59
2023-12-19 04:51:30+00,2023-12-19 12:42:30+00,2023-12-19,28260000,86,t,75,88,262,221,65,101,68,59
2023-12-18 03:44:00+00,2023-12-18 14:27:30+00,2023-12-18,38580000,88,t,91,86,324,216,152,97,75,57
2023-12-17 00:05:30+00,2023-12-17 12:14:00+00,2023-12-17,43560000,90,t,,,,,,,0,
2023-12-16 08:26:30+00,2023-12-16 11:41:00+00,2023-12-16,11640000,88,t,21,88,118,219,31,99,23,58
2023-12-15 09:27:30+00,2023-12-15 14:40:00+00,2023-12-15,18720000,87,t,48,89,154,222,68,99,42,59
2023-12-14 06:42:30+00,2023-12-14 14:29:30+00,2023-12-14,28020000,89,t,86,91,195,226,132,99,53,60
2023-12-13 06:04:00+00,2023-12-13 14:35:30+00,2023-12-13,30480000,88,t,70,89,262,223,119,96,59,60
2023-12-12 06:27:30+00,2023-12-12 14:31:30+00,2023-12-12,29040000,89,t,67,90,255,223,108,97,53,60
2023-12-11 08:13:30+00,2023-12-11 15:34:30+00,2023-12-11,26460000,88,t,56,91,250,221,83,96,51,60
2023-12-10 07:29:00+00,2023-12-10 16:11:00+00,2023-12-10,31320000,92,t,93,91,257,220,127,94,44,60
2023-12-09 07:38:30+00,2023-12-09 14:03:30+00,2023-12-09,22140000,87,t,90,91,158,221,89,96,47,61
2023-12-08 05:28:30+00,2023-12-08 14:37:30+00,2023-12-08,32940000,88,t,119,90,236,220,127,95,66,62
2023-12-07 04:42:30+00,2023-12-07 13:59:30+00,2023-12-07,33420000,87,t,111,89,238,219,137,93,70,61
2023-12-06 07:23:30+00,2023-12-06 15:27:30+00,2023-12-06,29040000,82,t,101,90,184,222,112,94,86,61
2023-12-05 05:30:00+00,2023-12-05 14:33:30+00,2023-12-05,32580000,84,t,87,90,245,219,122,94,89,59
2023-12-04 05:12:00+00,2023-12-04 15:07:00+00,2023-12-04,35700000,86,t,130,87,261,218,121,92,82,57
2023-12-03 11:06:30+00,2023-12-03 16:42:30+00,2023-12-03,20160000,92,t,47,89,189,219,72,94,27,58
2023-12-02 17:35:30+00,2023-12-02 19:00:00+00,2023-12-02,5040000,86,f,,,,,,,0,
2023-12-02 10:13:00+00,2023-12-02 11:13:00+00,2023-12-02,3600000,83,f,,,,,,,0,
2023-12-02 04:26:30+00,2023-12-02 06:58:00+00,2023-12-02,8460000,89,t,,,,,,,0,
2023-12-01 06:21:30+00,2023-12-01 14:39:30+00,2023-12-01,29880000,88,t,106,89,238,219,90,95,62,58
2023-11-30 04:54:00+00,2023-11-30 10:12:30+00,2023-11-30,19080000,84,t,65,90,177,216,25,98,51,58
2023-11-29 07:56:00+00,2023-11-29 14:29:00+00,2023-11-29,23580000,91,t,76,92,196,218,83,98,37,60
2023-11-28 06:07:00+00,2023-11-28 13:02:00+00,2023-11-28,24180000,87,t,80,91,187,221,94,96,53,60
2023-11-27 03:12:00+00,2023-11-27 14:05:30+00,2023-11-27,39180000,89,t,99,92,338,219,143,94,73,59
2023-11-26 06:31:00+00,2023-11-26 14:21:30+00,2023-11-26,28200000,84,t,104,90,191,216,99,93,75,57
2023-11-25 06:08:30+00,2023-11-25 14:06:00+00,2023-11-25,28620000,88,t,83,90,236,216,102,92,56,58
2023-11-24 03:41:00+00,2023-11-24 13:24:30+00,2023-11-24,34980000,89,t,126,88,257,213,137,92,63,58
2023-11-23 06:10:00+00,2023-11-23 12:55:00+00,2023-11-23,24300000,90,t,96,88,183,213,85,92,39,58
2023-11-22 04:22:00+00,2023-11-22 12:51:00+00,2023-11-22,30240000,87,t,100,88,232,213,109,92,67,58
2023-11-21 05:22:00+00,2023-11-21 13:55:00+00,2023-11-21,30780000,85,t,127,85,211,211,94,90,79,57
2023-11-20 11:57:00+00,2023-11-20 18:56:30+00,2023-11-20,24960000,84,t,88,85,191,213,73,91,66,56
2023-11-18 06:47:00+00,2023-11-18 11:49:00+00,2023-11-18,18120000,89,t,51,86,189,215,26,93,34,57
2023-11-17 08:23:30+00,2023-11-17 15:07:00+00,2023-11-17,24180000,90,t,91,86,203,217,68,95,40,58
2023-11-16 07:56:00+00,2023-11-16 15:31:30+00,2023-11-16,27300000,90,t,67,86,223,217,119,94,46,58
2023-11-15 05:38:30+00,2023-11-15 14:01:00+00,2023-11-15,30120000,82,t,85,85,241,218,87,95,88,57
2023-11-14 03:15:00+00,2023-11-14 13:32:30+00,2023-11-14,37020000,87,t,124,84,304,217,108,94,80,56
2023-11-13 08:58:00+00,2023-11-13 13:46:00+00,2023-11-13,17280000,82,t,30,86,164,219,40,96,53,56
2023-11-12 09:05:30+00,2023-11-12 17:49:00+00,2023-11-12,31380000,90,t,79,86,258,217,132,94,54,56
2023-11-11 16:11:00+00,2023-11-11 17:41:30+00,2023-11-11,5400000,86,f,,,,,,,0,
2023-11-11 04:12:30+00,2023-11-11 10:09:30+00,2023-11-11,21420000,91,t,59,87,166,217,42,97,31,57
2023-11-10 14:40:30+00,2023-11-10 17:23:00+00,2023-11-10,9720000,100,t,,,,,,,0,
2023-11-09 04:21:30+00,2023-11-09 12:21:30+00,2023-11-09,28800000,86,t,96,87,189,219,127,96,66,57
2023-11-08 04:25:00+00,2023-11-08 12:43:30+00,2023-11-08,29880000,83,t,95,86,226,221,91,95,86,56
2023-11-07 04:48:30+00,2023-11-07 12:16:30+00,2023-11-07,26880000,87,t,98,86,200,223,90,96,59,56
2023-11-06 04:29:30+00,2023-11-06 14:27:00+00,2023-11-06,35820000,88,t,113,85,259,223,151,95,73,55
2023-11-05 08:25:00+00,2023-11-05 15:12:00+00,2023-11-05,24420000,91,t,82,84,180,227,107,93,37,56
2023-11-04 06:54:00+00,2023-11-04 13:37:00+00,2023-11-04,24180000,91,t,54,84,226,224,85,92,36,56
2023-11-03 03:08:30+00,2023-11-03 11:39:00+00,2023-11-03,30420000,89,t,117,84,226,225,109,94,57,57
2023-11-01 05:14:30+00,2023-11-01 13:30:30+00,2023-11-01,29760000,88,t,92,83,223,224,119,92,60,56
2023-10-31 07:36:00+00,2023-10-31 13:23:30+00,2023-10-31,20820000,89,t,102,82,108,228,99,92,38,56
2023-10-30 04:42:30+00,2023-10-30 14:10:30+00,2023-10-30,34080000,82,t,125,80,253,229,87,92,102,55
2023-10-29 14:45:00+00,2023-10-29 16:58:30+00,2023-10-29,7980000,90,f,,,,,,,0,
2023-10-29 05:12:30+00,2023-10-29 09:32:00+00,2023-10-29,15540000,93,t,25,82,187,228,28,95,18,56
2023-10-28 05:36:30+00,2023-10-28 14:48:30+00,2023-10-28,33120000,90,t,108,82,296,223,90,94,57,56
2023-10-27 10:46:00+00,2023-10-27 15:03:00+00,2023-10-27,15420000,90,t,61,83,106,226,64,96,26,58
2023-10-26 03:23:30+00,2023-10-26 11:26:30+00,2023-10-26,28980000,85,t,74,85,246,226,90,95,71,58
2023-10-25 04:17:00+00,2023-10-25 11:23:00+00,2023-10-25,25560000,87,t,95,84,155,229,118,94,56,58
2023-10-24 04:48:00+00,2023-10-24 11:48:30+00,2023-10-24,25200000,88,t,82,84,202,229,86,95,50,58
2023-10-23 04:48:00+00,2023-10-23 13:29:30+00,2023-10-23,31260000,88,t,101,84,227,228,132,93,61,57
2023-10-22 05:02:30+00,2023-10-22 09:53:30+00,2023-10-22,17460000,84,t,57,85,150,231,35,95,48,58
2023-10-21 06:22:00+00,2023-10-21 14:05:00+00,2023-10-21,27780000,88,t,71,87,245,229,92,96,54,58
2023-10-20 02:28:30+00,2023-10-20 10:26:00+00,2023-10-20,28620000,86,t,82,87,246,227,81,96,67,58
2023-10-19 03:13:00+00,2023-10-19 10:26:00+00,2023-10-19,25980000,89,t,98,85,205,226,80,96,49,58
2023-10-18 03:04:30+00,2023-10-18 12:05:30+00,2023-10-18,32460000,89,t,67,86,273,224,139,94,61,57
2023-10-17 02:47:00+00,2023-10-17 10:24:30+00,2023-10-17,27420000,88,t,83,86,230,223,87,95,56,57
2023-10-16 03:15:30+00,2023-10-16 11:29:30+00,2023-10-16,29640000,88,t,54,88,263,225,119,96,57,58
2023-10-15 06:58:30+00,2023-10-15 15:08:30+00,2023-10-15,29400000,88,t,95,86,268,222,68,96,57,57
2023-10-13 04:27:30+00,2023-10-13 11:37:00+00,2023-10-13,24900000,89,t,89,85,197,222,95,97,47,58
2023-10-12 04:41:00+00,2023-10-12 13:12:30+00,2023-10-12,30660000,87,t,105,83,211,221,128,94,66,57
2023-10-11 04:39:00+00,2023-10-11 13:10:00+00,2023-10-11,30660000,88,t,103,83,245,224,99,95,63,57
2023-10-10 02:17:30+00,2023-10-10 09:34:00+00,2023-10-10,26160000,85,t,64,84,220,224,85,95,67,57
2023-10-09 05:00:00+00,2023-10-09 13:19:00+00,2023-10-09,29940000,90,t,87,83,273,222,87,95,51,56
2023-10-08 05:27:30+00,2023-10-08 14:22:30+00,2023-10-08,31860000,89,t,84,83,268,220,121,94,61,56
2023-10-07 08:03:30+00,2023-10-07 16:28:30+00,2023-10-07,30300000,90,t,86,84,266,221,100,96,52,58
2023-10-06 02:04:00+00,2023-10-06 09:57:00+00,2023-10-06,28380000,87,t,62,82,278,216,69,94,63,56
2023-10-05 08:49:00+00,2023-10-05 13:30:00+00,2023-10-05,16860000,88,t,52,83,134,219,60,96,34,58
2023-10-04 03:34:00+00,2023-10-04 13:28:30+00,2023-10-04,35580000,88,t,103,83,264,220,157,94,70,58
2023-10-03 05:23:30+00,2023-10-03 11:34:00+00,2023-10-03,22200000,88,t,83,83,188,221,54,96,44,58
2023-10-01 07:49:00+00,2023-10-01 12:54:30+00,2023-10-01,18300000,91,t,41,83,149,222,88,95,26,59
2023-10-01 04:25:00+00,2023-10-01 06:47:00+00,2023-10-01,8280000,90,f,,,,,,,0,
2023-09-30 05:23:00+00,2023-09-30 13:49:00+00,2023-09-30,30360000,89,t,86,82,270,222,91,94,58,59
2023-09-29 04:55:00+00,2023-09-29 13:17:30+00,2023-09-29,30120000,86,t,103,82,215,222,116,94,68,59
2023-09-28 04:59:00+00,2023-09-28 11:34:30+00,2023-09-28,23700000,87,t,95,79,167,225,80,92,53,59
2023-09-27 04:45:00+00,2023-09-27 12:44:00+00,2023-09-27,28740000,82,t,104,79,192,227,98,92,85,57
2023-09-26 02:40:30+00,2023-09-26 11:27:30+00,2023-09-26,31620000,85,t,116,79,247,228,85,96,78,56
2023-09-25 05:50:00+00,2023-09-25 13:18:00+00,2023-09-25,26700000,90,t,85,78,230,226,88,94,44,56
2023-09-24 06:09:00+00,2023-09-24 13:29:00+00,2023-09-24,26400000,88,t,76,80,197,228,111,94,55,57
2023-09-23 06:11:00+00,2023-09-23 13:21:30+00,2023-09-23,25800000,88,t,92,80,205,227,79,94,53,57
2023-09-21 02:49:00+00,2023-09-21 11:31:30+00,2023-09-21,31320000,86,t,136,78,213,224,98,94,74,58
2023-09-20 07:24:00+00,2023-09-20 13:36:30+00,2023-09-20,22320000,88,t,71,78,178,226,78,96,44,58
2023-09-19 05:41:30+00,2023-09-19 11:35:30+00,2023-09-19,21240000,87,t,48,78,180,228,79,94,46,58
2023-09-18 04:21:30+00,2023-09-18 12:16:00+00,2023-09-18,28320000,88,t,98,77,209,229,111,94,56,58
2023-09-17 11:33:00+00,2023-09-17 13:39:30+00,2023-09-17,7260000,84,f,,,,,,,0,
2023-09-17 07:46:00+00,2023-09-17 10:13:30+00,2023-09-17,8820000,100,t,,,,,,,0,
2023-09-16 04:41:00+00,2023-09-16 15:00:30+00,2023-09-16,37140000,89,t,100,74,294,230,159,90,66,58
2023-09-15 06:52:00+00,2023-09-15 12:55:00+00,2023-09-15,21780000,87,t,47,75,204,233,63,91,47,59
2023-09-14 07:54:00+00,2023-09-14 15:27:30+00,2023-09-14,27180000,85,t,72,77,207,236,108,93,66,59
2023-09-13 08:12:00+00,2023-09-13 15:19:00+00,2023-09-13,25620000,89,t,66,77,215,235,98,92,48,58
2023-09-12 10:00:00+00,2023-09-12 15:58:30+00,2023-09-12,21480000,86,t,68,78,175,239,63,94,51,59
2023-09-11 07:30:30+00,2023-09-11 17:29:30+00,2023-09-11,35940000,90,t,101,79,322,235,113,94,62,59
2023-09-10 05:37:30+00,2023-09-10 08:16:00+00,2023-09-10,9480000,94,t,,,,,,,0,
2023-09-09 07:12:30+00,2023-09-09 13:49:30+00,2023-09-09,23820000,89,t,56,81,223,233,72,93,44,59
2023-09-08 05:24:00+00,2023-09-08 13:20:00+00,2023-09-08,28560000,89,t,95,81,214,235,112,94,54,60
2023-09-07 03:29:00+00,2023-09-07 13:54:30+00,2023-09-07,37440000,86,t,102,80,292,234,143,93,87,60
2023-09-06 10:09:00+00,2023-09-06 13:54:30+00,2023-09-06,13500000,86,t,14,83,149,236,31,97,31,60
2023-09-05 03:41:30+00,2023-09-05 11:26:30+00,2023-09-05,27900000,86,t,84,82,215,237,100,95,65,59
2023-09-04 03:56:00+00,2023-09-04 13:17:30+00,2023-09-04,33660000,86,t,93,82,275,235,116,97,76,59
2023-09-03 06:23:00+00,2023-09-03 14:27:00+00,2023-09-03,29040000,89,t,100,80,234,234,94,96,54,59
2023-09-02 06:14:30+00,2023-09-02 14:23:00+00,2023-09-02,29280000,85,t,44,80,285,232,85,95,74,59
2023-09-01 05:41:30+00,2023-09-01 12:36:00+00,2023-09-01,24840000,89,t,91,80,190,235,88,97,44,60
2023-08-31 03:25:00+00,2023-08-31 11:32:30+00,2023-08-31,28860000,85,t,66,80,266,232,81,98,73,58
2023-08-29 05:16:00+00,2023-08-29 11:27:30+00,2023-08-29,22260000,88,t,39,81,241,230,44,100,46,59
2023-08-28 05:02:00+00,2023-08-28 13:00:00+00,2023-08-28,28680000,90,t,93,80,241,232,95,99,48,59
2023-08-27 05:20:30+00,2023-08-27 15:50:30+00,2023-08-27,37620000,92,t,122,79,271,233,185,97,51,60
2023-08-26 09:04:30+00,2023-08-26 14:30:00+00,2023-08-26,19500000,85,t,60,80,184,234,33,100,48,60
2023-08-25 04:29:00+00,2023-08-25 13:31:30+00,2023-08-25,32520000,85,t,118,79,233,238,112,100,79,60
2023-08-24 05:10:00+00,2023-08-24 11:46:30+00,2023-08-24,23760000,88,t,84,79,187,242,75,101,49,61
2023-08-23 04:04:00+00,2023-08-23 13:26:30+00,2023-08-23,33720000,83,t,114,78,210,247,145,98,93,60
2023-08-22 06:09:30+00,2023-08-22 11:40:00+00,2023-08-22,19800000,84,t,54,77,164,246,59,97,53,59
2023-08-21 05:15:00+00,2023-08-21 13:25:30+00,2023-08-21,29400000,88,t,80,77,232,247,117,96,60,59
2023-08-20 09:17:00+00,2023-08-20 15:07:00+00,2023-08-20,21000000,90,t,46,78,227,247,40,98,36,60
2023-08-18 02:38:00+00,2023-08-18 13:16:30+00,2023-08-18,38280000,86,t,78,79,359,245,111,99,89,59
2023-08-17 06:39:30+00,2023-08-17 11:24:00+00,2023-08-17,17040000,88,t,13,81,201,244,35,102,35,60
2023-08-16 03:34:00+00,2023-08-16 12:45:30+00,2023-08-16,33060000,87,t,77,82,292,242,111,102,71,60
2023-08-15 01:22:00+00,2023-08-15 11:26:30+00,2023-08-15,36240000,90,t,116,82,281,242,145,102,61,61
2023-08-14 07:20:30+00,2023-08-14 13:28:30+00,2023-08-14,22080000,90,t,70,80,192,242,68,101,37,61
2023-08-13 05:09:00+00,2023-08-13 15:05:30+00,2023-08-13,35760000,87,t,104,78,273,239,141,97,78,59
2023-08-12 05:09:30+00,2023-08-12 13:25:30+00,2023-08-12,29760000,89,t,128,77,218,237,92,99,56,60
2023-08-10 05:10:00+00,2023-08-10 11:38:00+00,2023-08-10,23280000,87,t,106,77,167,242,62,102,52,61
2023-08-09 03:44:00+00,2023-08-09 13:16:30+00,2023-08-09,34320000,85,t,92,78,263,242,131,103,86,62
2023-08-08 02:36:30+00,2023-08-08 11:28:30+00,2023-08-08,31920000,87,t,62,78,278,243,122,99,69,62
2023-08-07 05:33:00+00,2023-08-07 12:58:00+00,2023-08-07,26640000,91,t,99,78,184,246,121,99,40,63
2023-08-06 07:37:30+00,2023-08-06 14:16:00+00,2023-08-06,23880000,89,t,56,79,240,248,58,101,44,63
2023-08-05 17:15:30+00,2023-08-05 19:36:30+00,2023-08-05,8400000,87,f,,,,,,,0,
2023-08-05 07:10:30+00,2023-08-05 14:22:30+00,2023-08-05,25920000,86,t,83,79,158,249,131,99,60,64
2023-08-04 04:43:30+00,2023-08-04 10:45:00+00,2023-08-04,21660000,87,t,42,81,202,250,69,99,47,64
2023-08-03 02:33:30+00,2023-08-03 09:50:30+00,2023-08-03,26220000,86,t,56,81,243,250,75,98,61,64
2023-08-02 03:51:30+00,2023-08-02 13:03:30+00,2023-08-02,33120000,88,t,90,84,260,252,136,99,65,65
2023-08-01 05:02:30+00,2023-08-01 11:35:00+00,2023-08-01,23520000,90,t,54,85,185,255,115,98,38,66
2023-07-31 03:12:00+00,2023-07-31 13:22:30+00,2023-07-31,36420000,84,t,89,85,282,252,141,97,97,64
2023-07-30 09:59:30+00,2023-07-30 14:40:30+00,2023-07-30,16860000,89,t,64,86,140,256,44,100,32,66
2023-07-29 06:40:30+00,2023-07-29 14:25:00+00,2023-07-29,27840000,92,t,68,87,299,254,60,102,36,67
2023-07-28 02:38:30+00,2023-07-28 12:32:30+00,2023-07-28,35640000,85,t,89,87,291,253,126,101,87,66
2023-07-27 03:16:00+00,2023-07-27 11:23:30+00,2023-07-27,29220000,88,t,97,87,215,255,117,101,57,66
2023-07-26 02:28:30+00,2023-07-26 12:42:30+00,2023-07-26,36840000,88,t,67,89,336,254,138,99,72,68
2023-07-25 02:05:00+00,2023-07-25 11:30:00+00,2023-07-25,33840000,88,t,103,88,316,253,79,99,66,68
2023-07-24 03:51:30+00,2023-07-24 13:18:00+00,2023-07-24,33900000,87,t,80,89,347,250,66,100,73,68
2023-07-23 11:32:00+00,2023-07-23 15:31:30+00,2023-07-23,14340000,87,t,36,91,140,252,33,104,30,69
2023-07-20 03:09:30+00,2023-07-20 11:26:30+00,2023-07-20,29820000,87,t,80,92,259,251,92,106,65,68
2023-07-19 03:58:00+00,2023-07-19 13:30:00+00,2023-07-19,34320000,89,t,90,91,274,252,143,103,64,68
2023-07-18 04:22:00+00,2023-07-18 11:24:00+00,2023-07-18,25320000,86,t,76,92,189,253,98,104,57,69
2023-07-17 05:06:00+00,2023-07-17 13:49:30+00,2023-07-17,31380000,87,t,107,91,226,252,119,103,70,68
2023-07-16 03:01:30+00,2023-07-16 13:27:30+00,2023-07-16,36900000,86,t,105,91,299,249,136,101,84,67
2023-07-15 10:14:30+00,2023-07-15 15:05:30+00,2023-07-15,17460000,88,t,15,93,192,250,48,103,35,68
2023-07-14 08:31:00+00,2023-07-14 13:31:30+00,2023-07-14,17880000,87,t,48,94,170,251,43,105,38,69
2023-07-13 03:38:00+00,2023-07-13 11:36:30+00,2023-07-13,28680000,85,t,114,92,160,254,131,104,73,69
2023-07-12 02:49:30+00,2023-07-12 12:30:30+00,2023-07-12,34860000,88,t,131,89,233,257,148,102,68,69
2023-07-11 01:48:00+00,2023-07-11 11:29:30+00,2023-07-11,34860000,87,t,55,88,337,253,111,100,78,68
2023-07-10 03:32:30+00,2023-07-10 13:51:30+00,2023-07-10,37080000,83,t,114,87,251,253,147,98,106,66
2023-07-09 08:00:30+00,2023-07-09 15:47:30+00,2023-07-09,28020000,86,t,59,89,308,249,31,101,67,66
2023-07-08 20:13:00+00,2023-07-08 22:10:00+00,2023-07-08,7020000,97,f,,,,,,,0,
2023-07-08 06:34:30+00,2023-07-08 13:22:30+00,2023-07-08,24480000,90,t,74,89,193,248,98,102,42,66
2023-07-07 03:59:00+00,2023-07-07 13:41:30+00,2023-07-07,34800000,88,t,85,88,300,247,130,100,67,67
2023-07-06 03:05:30+00,2023-07-06 11:40:30+00,2023-07-06,30900000,82,t,97,90,246,246,80,101,91,66
2023-07-05 05:47:00+00,2023-07-05 13:50:30+00,2023-07-05,28980000,87,t,97,90,239,248,81,101,65,67
2023-07-04 04:46:00+00,2023-07-04 11:34:30+00,2023-07-04,24480000,87,t,76,88,241,244,38,100,52,66
2023-07-03 01:46:30+00,2023-07-03 14:11:00+00,2023-07-03,44640000,88,t,165,85,323,241,166,96,90,65
2023-07-01 06:57:30+00,2023-07-01 14:22:30+00,2023-07-01,26400000,89,t,82,85,211,242,103,95,48,66
2023-06-30 04:00:00+00,2023-06-30 13:20:00+00,2023-06-30,33600000,86,t,100,84,252,241,131,94,76,65
2023-06-29 06:26:30+00,2023-06-29 14:48:30+00,2023-06-29,30120000,88,t,86,86,246,240,107,95,62,67
2023-06-28 06:23:30+00,2023-06-28 07:38:30+00,2023-06-28,4500000,84,t,,,,,,,0,
2023-06-27 04:01:30+00,2023-06-27 13:07:30+00,2023-06-27,32760000,89,t,94,86,271,242,118,97,62,67
2023-06-26 02:37:00+00,2023-06-26 13:13:30+00,2023-06-26,38160000,83,t,129,83,296,238,104,95,107,64
2023-06-25 15:23:00+00,2023-06-25 16:46:30+00,2023-06-25,4500000,97,f,,,,,,,0,
2023-06-25 05:50:30+00,2023-06-25 13:31:30+00,2023-06-25,27660000,85,t,82,84,251,237,58,97,69,64
2023-06-24 21:26:30+00,2023-06-24 22:59:30+00,2023-06-24,5580000,97,f,,,,,,,0,
2023-06-24 04:34:00+00,2023-06-24 11:42:00+00,2023-06-24,25680000,88,t,88,82,197,231,90,95,52,63
2023-06-23 06:06:30+00,2023-06-23 13:44:30+00,2023-06-23,27480000,88,t,83,82,198,235,122,95,54,64
2023-06-22 06:24:00+00,2023-06-22 13:27:30+00,2023-06-22,25380000,88,t,88,82,185,239,98,94,51,66
2023-06-21 03:44:30+00,2023-06-21 14:18:30+00,2023-06-21,38040000,87,t,118,82,301,238,133,94,81,65
2023-06-20 05:46:00+00,2023-06-20 14:13:30+00,2023-06-20,30420000,88,t,78,82,255,239,114,94,59,65
2023-06-19 23:05:30+00,2023-06-20 00:14:00+00,2023-06-19,4080000,94,f,,,,,,,0,
2023-06-19 06:31:00+00,2023-06-19 13:55:30+00,2023-06-19,26460000,87,t,83,81,232,237,71,95,58,64
2023-06-18 05:56:30+00,2023-06-18 14:43:30+00,2023-06-18,31620000,88,t,101,79,228,238,135,95,62,63
2023-06-17 07:29:00+00,2023-06-17 14:26:30+00,2023-06-17,25020000,85,t,82,78,189,236,84,93,61,62
2023-06-16 06:39:00+00,2023-06-16 14:02:30+00,2023-06-16,26580000,88,t,87,78,210,238,91,94,55,63
2023-06-15 06:24:30+00,2023-06-15 13:58:30+00,2023-06-15,27240000,87,t,76,79,226,241,91,95,60,63
2023-06-14 06:30:30+00,2023-06-14 13:39:30+00,2023-06-14,25140000,86,t,65,81,207,243,96,94,60,63
2023-06-13 05:16:00+00,2023-06-13 13:25:30+00,2023-06-13,29340000,87,t,82,79,237,244,104,93,66,63
2023-06-12 03:53:00+00,2023-06-12 13:03:30+00,2023-06-12,32700000,86,t,33,81,333,238,109,92,74,62
2023-06-11 04:35:30+00,2023-06-11 10:00:00+00,2023-06-11,19440000,87,t,16,84,225,240,39,95,43,64
2023-06-10 03:26:00+00,2023-06-10 12:01:30+00,2023-06-10,30900000,87,t,108,82,244,238,96,93,67,63
2023-06-09 04:11:00+00,2023-06-09 11:50:30+00,2023-06-09,27480000,87,t,93,84,183,241,124,95,59,64
2023-06-08 02:52:30+00,2023-06-08 11:42:30+00,2023-06-08,31320000,87,t,97,82,242,235,120,92,70,62
2023-06-07 01:49:00+00,2023-06-07 10:05:30+00,2023-06-07,29760000,83,t,68,84,278,232,63,94,86,61
2023-06-06 02:15:00+00,2023-06-06 11:29:30+00,2023-06-06,33240000,86,t,140,83,229,232,110,95,75,60
2023-06-05 02:55:00+00,2023-06-05 12:29:30+00,2023-06-05,34440000,83,t,95,82,289,229,94,95,96,58
2023-06-04 04:23:00+00,2023-06-04 07:26:30+00,2023-06-04,10980000,88,t,26,85,120,233,14,98,22,60
2023-06-03 09:38:00+00,2023-06-03 12:48:30+00,2023-06-03,11400000,87,f,44,85,115,233,5,99,25,
2023-06-03 03:15:30+00,2023-06-03 07:07:30+00,2023-06-03,13860000,85,t,38,85,132,233,27,99,34,61
2023-05-31 02:26:00+00,2023-05-31 09:54:30+00,2023-05-31,26880000,88,t,85,84,220,231,89,98,53,60
2023-05-30 01:45:00+00,2023-05-30 11:27:30+00,2023-05-30,34920000,81,t,136,81,207,228,129,95,110,57
2023-05-29 03:19:30+00,2023-05-29 12:09:30+00,2023-05-29,31800000,88,t,82,82,243,225,140,93,64,57
2023-05-28 03:13:30+00,2023-05-28 13:38:30+00,2023-05-28,37500000,90,t,100,81,330,220,129,93,65,57
2023-05-27 06:41:00+00,2023-05-27 12:04:30+00,2023-05-27,19380000,89,t,32,82,199,222,57,94,35,57
2023-05-26 02:03:30+00,2023-05-26 11:43:30+00,2023-05-26,34800000,84,t,110,80,255,221,124,93,90,56
2023-05-25 08:02:00+00,2023-05-25 11:39:30+00,2023-05-25,12960000,88,t,44,81,107,225,38,94,27,56
2023-05-24 02:31:00+00,2023-05-24 12:28:30+00,2023-05-24,35820000,88,t,82,80,315,220,125,91,74,56
2023-05-23 01:55:30+00,2023-05-23 11:40:30+00,2023-05-23,35100000,83,t,103,81,291,218,90,92,100,55
2023-05-22 03:17:00+00,2023-05-22 12:46:30+00,2023-05-22,34140000,89,t,102,80,267,215,136,89,63,54
2023-05-21 04:36:30+00,2023-05-21 13:29:30+00,2023-05-21,31980000,91,t,83,79,288,213,112,88,50,54
2023-05-20 06:30:00+00,2023-05-20 13:10:00+00,2023-05-20,24000000,92,t,47,80,216,214,101,89,34,55
2023-05-19 01:47:00+00,2023-05-19 09:56:00+00,2023-05-19,29340000,90,t,67,80,256,213,116,88,49,55
2023-05-18 06:43:30+00,2023-05-18 11:34:00+00,2023-05-18,17400000,86,t,43,82,157,215,48,90,41,56
2023-05-17 01:32:30+00,2023-05-17 09:59:30+00,2023-05-17,30420000,87,t,89,81,253,213,100,89,64,55
2023-05-16 01:41:00+00,2023-05-16 11:14:30+00,2023-05-16,34260000,88,t,89,80,299,210,114,88,70,54
2023-05-15 10:06:30+00,2023-05-15 13:12:30+00,2023-05-15,11160000,85,f,44,81,105,207,8,89,28,
2023-05-15 02:40:00+00,2023-05-15 08:49:00+00,2023-05-15,22140000,90,t,76,81,178,207,77,89,37,54
2023-05-14 10:13:00+00,2023-05-14 17:18:30+00,2023-05-14,25500000,84,t,52,82,245,206,60,92,67,53
2023-05-13 07:21:30+00,2023-05-13 13:33:00+00,2023-05-13,22260000,87,t,76,83,166,209,79,92,49,54
2023-05-12 03:51:00+00,2023-05-12 13:22:30+00,2023-05-12,34260000,87,t,91,84,285,206,121,91,74,54
2023-05-11 05:05:00+00,2023-05-11 11:38:30+00,2023-05-11,23580000,84,t,74,83,198,208,57,92,64,53
2023-05-10 02:16:00+00,2023-05-10 13:03:30+00,2023-05-10,38820000,88,t,143,82,263,205,166,90,75,52
2023-05-09 08:41:00+00,2023-05-09 11:42:30+00,2023-05-09,10800000,87,t,32,82,85,207,40,91,23,52
2023-05-08 04:43:00+00,2023-05-08 13:07:30+00,2023-05-08,30240000,90,t,125,83,196,208,132,91,50,53
2023-05-07 03:54:30+00,2023-05-07 13:06:30+00,2023-05-07,33060000,89,t,126,82,227,208,139,90,59,54
2023-05-06 09:55:00+00,2023-05-06 15:38:30+00,2023-05-06,20580000,90,t,50,83,180,207,78,89,35,54
2023-05-05 03:08:30+00,2023-05-05 12:11:30+00,2023-05-05,32580000,88,t,110,81,253,207,115,88,63,55
2023-05-04 08:08:00+00,2023-05-04 14:11:30+00,2023-05-04,21780000,83,t,62,81,197,208,41,89,62,54
2023-05-04 03:42:00+00,2023-05-04 04:50:30+00,2023-05-04,4080000,93,f,,,,,,,0,
2023-05-03 04:09:30+00,2023-05-03 12:14:00+00,2023-05-03,29040000,88,t,73,81,255,204,99,88,57,54
2023-05-02 06:18:00+00,2023-05-02 11:33:00+00,2023-05-02,18780000,87,t,77,81,138,208,57,89,42,55
2023-04-30 04:48:30+00,2023-04-30 09:22:30+00,2023-04-30,16440000,87,t,37,82,144,208,56,90,36,55
2023-04-29 05:41:00+00,2023-04-29 12:30:30+00,2023-04-29,24540000,85,t,115,80,140,210,91,90,63,55
2023-04-28 04:59:30+00,2023-04-28 12:01:00+00,2023-04-28,24840000,90,t,68,80,196,212,114,89,42,55
2023-04-27 03:30:00+00,2023-04-27 11:27:30+00,2023-04-27,28620000,88,t,70,80,257,210,93,89,56,55
2023-04-26 05:21:00+00,2023-04-26 12:06:00+00,2023-04-26,24300000,89,t,51,80,229,208,80,88,44,55
2023-04-25 04:38:30+00,2023-04-25 11:27:30+00,2023-04-25,24540000,88,t,71,81,211,208,79,89,48,55
2023-04-24 11:02:30+00,2023-04-24 13:03:30+00,2023-04-24,7260000,92,f,,,,,,,0,
2023-04-24 01:21:30+00,2023-04-24 04:54:30+00,2023-04-24,12780000,84,t,46,81,110,209,21,91,35,55
2023-04-23 03:56:30+00,2023-04-23 12:50:00+00,2023-04-23,31980000,86,t,119,79,229,210,110,90,75,53
2023-04-22 07:51:30+00,2023-04-22 14:04:30+00,2023-04-22,22380000,90,t,71,79,195,210,67,91,39,54
2023-04-21 05:20:00+00,2023-04-21 12:33:30+00,2023-04-21,25980000,88,t,65,80,226,213,92,92,50,55
2023-04-20 03:59:00+00,2023-04-20 11:23:00+00,2023-04-20,26640000,87,t,62,81,223,210,102,91,56,55
2023-04-19 04:07:00+00,2023-04-19 12:05:30+00,2023-04-19,28680000,89,t,83,82,226,211,115,91,54,56
2023-04-17 07:15:30+00,2023-04-17 13:34:30+00,2023-04-17,22740000,89,t,61,83,206,210,68,94,43,57
2023-04-16 20:47:00+00,2023-04-16 23:43:30+00,2023-04-16,10560000,90,t,,,,,,,0,
2023-04-15 05:22:30+00,2023-04-15 14:11:30+00,2023-04-15,31740000,90,t,132,82,223,211,120,96,53,57
2023-04-14 05:21:00+00,2023-04-14 13:45:30+00,2023-04-14,30240000,89,t,95,80,212,207,141,92,56,56
2023-04-13 04:47:00+00,2023-04-13 12:29:30+00,2023-04-13,27720000,88,t,96,78,230,204,82,92,54,55
2023-04-12 05:07:30+00,2023-04-12 13:31:00+00,2023-04-12,30180000,83,t,103,79,224,207,92,93,83,55
2023-04-11 06:14:00+00,2023-04-11 13:31:30+00,2023-04-11,26220000,89,t,67,79,252,206,69,95,49,55
2023-04-10 05:45:00+00,2023-04-10 13:07:00+00,2023-04-10,26520000,91,t,112,78,164,205,124,93,41,54
2023-04-09 06:39:30+00,2023-04-09 11:14:00+00,2023-04-09,16440000,91,t,37,79,158,207,55,94,24,55
2023-04-08 03:39:30+00,2023-04-08 12:55:30+00,2023-04-08,33360000,86,t,131,77,210,205,133,94,80,55
2023-04-07 02:53:00+00,2023-04-07 12:14:00+00,2023-04-07,33660000,87,t,121,75,233,205,132,92,74,54
2023-04-06 06:30:00+00,2023-04-06 11:30:30+00,2023-04-06,18000000,89,t,69,77,144,208,53,94,34,56
2023-04-05 05:00:30+00,2023-04-05 12:55:00+00,2023-04-05,28440000,82,t,65,76,255,203,67,95,86,54
2023-04-04 03:51:00+00,2023-04-04 11:33:30+00,2023-04-04,27720000,86,t,52,78,263,201,82,97,64,54
2023-04-03 06:41:30+00,2023-04-03 12:35:30+00,2023-04-03,21240000,84,t,79,78,142,203,76,98,56,53
2023-04-02 18:04:00+00,2023-04-02 23:50:30+00,2023-04-02,20760000,84,t,64,79,170,204,56,99,56,54
2023-04-02 10:07:30+00,2023-04-02 12:29:30+00,2023-04-02,8520000,91,f,,,,,,,0,
2023-04-01 08:08:30+00,2023-04-01 13:40:30+00,2023-04-01,19920000,87,t,60,81,161,206,67,102,42,57
2023-03-31 05:05:00+00,2023-03-31 12:13:00+00,2023-03-31,25620000,88,t,66,81,197,206,111,102,53,56
2023-03-30 04:52:00+00,2023-03-30 11:25:30+00,2023-03-30,23580000,87,t,61,82,202,206,77,103,52,57
2023-03-29 05:22:00+00,2023-03-29 13:03:00+00,2023-03-29,27420000,88,t,80,82,235,208,90,103,54,57
2023-03-27 07:35:30+00,2023-03-27 13:04:30+00,2023-03-27,19680000,89,t,46,82,185,213,61,102,36,60
2023-03-26 06:27:00+00,2023-03-26 13:57:00+00,2023-03-26,27000000,88,t,86,82,203,217,108,101,52,60
2023-03-24 06:08:00+00,2023-03-24 12:58:30+00,2023-03-24,24540000,92,t,56,83,240,218,83,104,31,62
2023-03-23 09:24:00+00,2023-03-23 11:27:00+00,2023-03-23,7380000,87,f,,,,,,,0,
2023-03-23 04:17:00+00,2023-03-23 07:12:00+00,2023-03-23,10500000,89,t,,,,,,,0,
2023-03-22 03:06:00+00,2023-03-22 12:23:30+00,2023-03-22,33300000,88,t,93,81,282,215,115,100,67,61
2023-03-21 05:25:00+00,2023-03-21 11:29:30+00,2023-03-21,21840000,84,t,72,81,161,217,70,101,60,61
2023-03-20 02:27:00+00,2023-03-20 11:54:30+00,2023-03-20,34020000,86,t,117,80,239,217,130,100,80,59
2023-03-19 06:50:00+00,2023-03-19 13:54:00+00,2023-03-19,25440000,87,t,81,80,150,221,135,98,57,60
2023-03-18 21:49:00+00,2023-03-18 23:04:00+00,2023-03-18,4500000,95,f,,,,,,,0,
2023-03-18 05:59:30+00,2023-03-18 13:05:30+00,2023-03-18,25560000,87,t,84,78,184,219,101,97,56,59
2023-03-17 04:33:30+00,2023-03-17 13:02:30+00,2023-03-17,30480000,88,t,121,78,167,220,159,96,60,60
2023-03-16 02:43:30+00,2023-03-16 11:26:30+00,2023-03-16,31380000,89,t,71,78,285,216,110,96,55,61
2023-03-15 10:31:00+00,2023-03-15 14:18:00+00,2023-03-15,13620000,85,t,39,80,120,220,33,99,34,62
2023-03-14 06:37:00+00,2023-03-14 11:30:30+00,2023-03-14,17580000,87,t,39,83,152,222,64,101,37,62
2023-03-13 01:36:30+00,2023-03-13 12:16:30+00,2023-03-13,38400000,87,t,124,79,295,220,138,98,82,61
2023-03-12 07:37:30+00,2023-03-12 15:03:00+00,2023-03-12,26700000,91,t,82,78,223,218,101,97,38,61
2023-03-11 08:43:00+00,2023-03-11 14:05:30+00,2023-03-11,19020000,90,t,76,78,130,219,85,97,31,62
2023-03-10 07:03:00+00,2023-03-10 14:01:00+00,2023-03-10,25080000,88,t,62,80,228,219,77,100,50,62
2023-03-09 05:24:30+00,2023-03-09 12:23:00+00,2023-03-09,25080000,86,t,80,81,155,222,124,99,58,63
2023-03-08 05:01:30+00,2023-03-08 12:18:00+00,2023-03-08,26100000,87,t,67,82,229,225,81,101,58,64
2023-03-07 03:45:30+00,2023-03-07 12:35:30+00,2023-03-07,31620000,85,t,110,81,216,226,121,101,81,63
2023-03-06 09:05:00+00,2023-03-06 14:02:00+00,2023-03-06,17820000,89,t,53,83,127,228,82,100,34,63
2023-03-05 07:21:00+00,2023-03-05 15:58:30+00,2023-03-05,31020000,89,t,104,82,212,229,144,98,56,63
2023-03-04 11:26:00+00,2023-03-04 14:08:30+00,2023-03-04,9600000,97,t,,,,,,,0,
2023-03-03 02:10:00+00,2023-03-03 11:29:00+00,2023-03-03,33480000,84,t,104,80,261,225,104,97,89,60
2023-03-02 05:07:00+00,2023-03-02 14:56:30+00,2023-03-02,35340000,81,t,118,78,222,224,135,95,114,57
2023-03-01 05:30:00+00,2023-03-01 12:49:00+00,2023-03-01,25980000,91,t,75,78,199,228,125,95,39,58
2023-02-27 05:41:00+00,2023-02-27 14:03:30+00,2023-02-27,30120000,86,t,89,77,262,225,82,94,68,57
2023-02-27 02:45:00+00,2023-02-27 03:54:30+00,2023-02-26,4140000,90,f,,,,,,,0,
2023-02-26 10:51:30+00,2023-02-26 17:20:00+00,2023-02-26,23280000,85,t,34,78,242,222,51,96,60,56
2023-02-25 06:51:30+00,2023-02-25 15:38:00+00,2023-02-25,31560000,84,t,95,78,242,222,105,95,84,55
2023-02-24 10:06:00+00,2023-02-24 13:00:00+00,2023-02-24,10440000,95,f,,,,,,,0,
2023-02-24 02:44:00+00,2023-02-24 08:41:30+00,2023-02-24,21420000,87,t,52,78,206,218,53,95,46,56
2023-02-23 03:00:00+00,2023-02-23 12:25:30+00,2023-02-23,33900000,89,t,80,79,273,217,152,95,60,57
2023-02-21 06:12:00+00,2023-02-21 10:56:30+00,2023-02-21,17040000,86,t,36,83,183,217,23,102,41,58
2023-02-18 07:47:00+00,2023-02-18 15:28:30+00,2023-02-18,27660000,90,t,75,80,237,212,101,99,47,57
2023-02-17 06:29:00+00,2023-02-17 14:40:30+00,2023-02-17,29400000,85,t,87,80,251,214,80,98,73,57
2023-02-16 05:52:00+00,2023-02-16 12:26:00+00,2023-02-16,23640000,88,t,48,81,204,214,91,99,49,57
2023-02-15 04:58:00+00,2023-02-15 13:14:00+00,2023-02-15,29760000,82,t,107,80,181,214,119,99,88,56
2023-02-14 04:45:00+00,2023-02-14 12:30:30+00,2023-02-14,27900000,87,t,79,80,201,214,125,97,59,56
2023-02-12 06:40:00+00,2023-02-12 14:51:30+00,2023-02-12,29460000,89,t,111,81,207,217,119,96,53,57
2023-02-11 09:11:30+00,2023-02-11 15:16:30+00,2023-02-11,21900000,89,t,44,83,225,216,56,98,39,58
2023-02-10 07:51:30+00,2023-02-10 13:59:30+00,2023-02-10,22080000,86,t,57,82,186,221,72,98,52,59
2023-02-09 06:20:00+00,2023-02-09 12:25:00+00,2023-02-09,21900000,88,t,77,81,146,225,96,97,45,59
2023-02-08 04:48:30+00,2023-02-08 13:59:30+00,2023-02-08,33060000,88,t,104,82,233,229,146,97,67,61
2023-02-07 04:20:30+00,2023-02-07 12:25:00+00,2023-02-07,29040000,85,t,97,82,226,229,89,98,72,60
2023-02-06 04:11:30+00,2023-02-06 14:42:30+00,2023-02-06,37860000,89,t,98,81,315,226,147,98,70,60
2023-02-05 11:13:00+00,2023-02-05 12:17:00+00,2023-02-05,3840000,100,t,,,,,,,0,
2023-02-04 09:37:00+00,2023-02-04 15:57:00+00,2023-02-04,22800000,89,t,94,79,174,225,69,96,42,59
2023-02-03 07:59:30+00,2023-02-03 16:00:30+00,2023-02-03,28860000,90,t,84,79,248,224,99,96,49,59
2023-02-02 08:08:00+00,2023-02-02 16:03:00+00,2023-02-02,28500000,89,t,83,78,237,222,102,95,52,59
2023-02-01 10:00:30+00,2023-02-01 15:12:30+00,2023-02-01,18720000,89,t,62,78,152,224,64,97,33,60
2023-01-31 07:53:30+00,2023-01-31 14:28:30+00,2023-01-31,23700000,89,t,71,78,186,226,94,96,43,60
2023-01-30 05:23:00+00,2023-01-30 14:52:30+00,2023-01-30,33900000,89,t,74,79,307,232,127,96,60,62
2023-01-29 07:38:00+00,2023-01-29 13:24:00+00,2023-01-29,20760000,86,t,55,79,183,234,58,96,49,62
2023-01-26 06:16:00+00,2023-01-26 14:15:30+00,2023-01-26,28740000,91,t,99,77,243,229,93,93,43,63
2023-01-25 07:43:00+00,2023-01-25 15:19:00+00,2023-01-25,27180000,79,t,80,77,217,230,63,94,95,61
2023-01-24 05:32:00+00,2023-01-24 15:09:00+00,2023-01-24,34260000,85,t,97,76,247,229,150,92,83,61
2023-01-23 07:09:30+00,2023-01-23 14:20:30+00,2023-01-23,25500000,88,t,98,75,168,232,113,91,51,61
2023-01-22 05:17:00+00,2023-01-22 14:54:30+00,2023-01-22,34620000,87,t,106,73,231,232,164,88,76,60
2023-01-21 05:45:00+00,2023-01-21 11:00:30+00,2023-01-21,18900000,87,t,49,75,175,234,48,90,42,61
2023-01-19 06:48:30+00,2023-01-19 12:38:00+00,2023-01-19,20940000,85,t,47,76,169,237,82,90,51,62
2023-01-18 11:31:30+00,2023-01-18 13:57:00+00,2023-01-18,8460000,91,f,,,,,,,0,
2023-01-18 04:12:00+00,2023-01-18 10:25:00+00,2023-01-18,22380000,87,t,65,75,195,234,65,92,47,61
2023-01-17 05:43:00+00,2023-01-17 12:25:00+00,2023-01-17,24120000,88,t,57,76,188,237,106,91,50,62
2023-01-16 05:00:30+00,2023-01-16 12:39:00+00,2023-01-16,27480000,90,t,98,75,196,239,117,90,46,63
2023-01-15 08:29:00+00,2023-01-15 15:06:00+00,2023-01-15,23820000,85,t,65,76,197,242,75,90,60,63
2023-01-14 08:06:00+00,2023-01-14 14:49:30+00,2023-01-14,24180000,87,t,78,75,186,245,85,91,54,64
2023-01-13 03:00:30+00,2023-01-13 14:04:30+00,2023-01-13,39540000,85,t,138,71,307,241,119,89,99,61
2023-01-12 04:36:00+00,2023-01-12 12:33:00+00,2023-01-12,28200000,88,t,90,70,212,243,116,87,57,62
2023-01-11 06:53:00+00,2023-01-11 14:45:30+00,2023-01-11,28320000,85,t,45,72,300,239,54,89,72,61
2023-01-10 05:19:30+00,2023-01-10 12:41:30+00,2023-01-10,26340000,86,t,56,73,248,238,75,91,62,61
2023-01-09 03:04:00+00,2023-01-09 14:49:30+00,2023-01-09,42300000,85,t,118,69,332,229,150,85,105,57
2023-01-08 08:52:30+00,2023-01-08 17:18:30+00,2023-01-08,30360000,88,t,92,67,239,228,114,82,60,56
2023-01-07 07:42:30+00,2023-01-07 16:11:30+00,2023-01-07,30540000,90,t,83,65,229,228,146,75,49,57
2023-01-06 08:58:30+00,2023-01-06 14:29:00+00,2023-01-06,19800000,90,t,71,64,173,235,54,78,32,60
2023-01-05 06:29:00+00,2023-01-05 12:33:30+00,2023-01-05,21840000,85,t,45,67,195,241,71,79,53,61
2023-01-04 07:47:00+00,2023-01-04 15:11:30+00,2023-01-04,26640000,89,t,75,66,222,244,100,75,47,64
2023-01-03 03:57:00+00,2023-01-03 10:04:30+00,2023-01-03,22020000,84,t,64,66,189,255,54,80,59,65
2023-01-02 07:55:30+00,2023-01-02 15:53:30+00,2023-01-02,28500000,87,t,68,66,216,265,132,67,60,66
2023-01-01 09:22:00+00,2023-01-01 15:58:30+00,2023-01-01,23460000,88,t,58,68,233,275,58,69,46,73
2022-12-31 23:18:00+00,2023-01-01 01:58:00+00,2022-12-31,9600000,88,f,,,,,,,0,
2022-12-31 04:25:30+00,2022-12-31 15:39:30+00,2022-12-31,40440000,88,t,111,43,353,177,128,40,81,53
2022-12-30 04:14:00+00,2022-12-30 11:03:30+00,2022-12-30,24360000,87,t,58,28,231,122,68,12,52,53
2022-12-29 15:56:30+00,2022-12-29 19:33:30+00,2022-12-29,13020000,76,t,28,0,122,0,12,0,53,0
2025-08-19 03:59:00+00,2025-08-19 08:49:30+00,2025-08-19,17400000,93,t,76,94,146,244,47,89,21,46
2025-07-07 04:51:00+00,2025-07-07 13:26:00+00,2025-07-07,30900000,89,t,128,82,250,234,81,84,55,49
2025-06-21 04:21:30+00,2025-06-21 11:28:00+00,2025-06-21,24420000,90,t,95,80,172,251,119,86,40,62
2025-06-30 03:15:30+00,2025-06-30 12:11:00+00,2025-06-30,32100000,94,t,111,82,270,240,120,87,34,57
2025-07-08 03:35:30+00,2025-07-08 10:00:30+00,2025-07-08,23100000,89,t,92,85,197,233,54,84,41,48
2025-06-28 06:00:00+00,2025-06-28 09:32:00+00,2025-06-28,12720000,93,t,51,82,114,242,31,87,15,59
2025-07-11 03:55:30+00,2025-07-11 13:16:30+00,2025-07-11,33660000,92,t,149,86,272,230,96,83,43,46
2025-06-26 04:01:00+00,2025-06-26 11:58:30+00,2025-06-26,28620000,92,t,111,82,241,241,85,88,39,60
2025-06-24 02:11:00+00,2025-06-24 12:30:00+00,2025-06-24,37140000,89,t,83,82,339,242,125,87,71,60
2025-07-04 04:20:00+00,2025-07-04 11:06:30+00,2025-07-04,24360000,94,t,67,82,238,236,78,85,23,52
2025-07-01 04:33:30+00,2025-07-01 09:52:30+00,2025-07-01,19140000,95,t,79,83,174,241,49,87,16,56
2025-07-06 04:01:30+00,2025-07-06 09:56:00+00,2025-07-06,21240000,94,t,74,82,188,236,69,85,22,51
2025-07-31 04:37:30+00,2025-07-31 12:14:30+00,2025-07-31,27420000,90,t,83,92,253,223,74,78,46,45
2025-07-30 05:42:00+00,2025-07-30 13:05:30+00,2025-07-30,26580000,89,t,103,92,201,225,89,79,49,45
2025-06-29 00:47:30+00,2025-06-29 11:52:30+00,2025-06-29,39900000,91,t,121,80,354,240,125,85,63,58
2025-08-18 04:41:00+00,2025-08-18 13:40:30+00,2025-08-18,32340000,92,t,125,93,280,242,89,89,44,46
2025-08-17 02:45:00+00,2025-08-17 12:06:00+00,2025-08-17,33660000,86,t,101,93,269,241,113,88,77,47
2025-08-16 07:51:00+00,2025-08-16 15:21:00+00,2025-08-16,27000000,90,t,75,94,263,239,67,88,43,47
2025-07-13 03:37:30+00,2025-07-13 12:31:30+00,2025-07-13,32040000,84,t,105,91,264,230,82,85,82,45
2025-07-14 03:59:00+00,2025-07-14 07:51:30+00,2025-07-14,13920000,92,t,71,92,107,233,34,85,19,45
2025-06-27 04:49:30+00,2025-06-27 12:04:00+00,2025-06-27,26040000,92,t,91,83,217,243,90,88,36,60
2025-06-23 02:54:00+00,2025-06-23 10:04:00+00,2025-06-23,23100000,84,t,87,81,168,248,114,87,61,61
2025-07-03 03:25:00+00,2025-07-03 12:22:30+00,2025-07-03,32220000,89,t,97,81,288,240,92,85,59,54
2025-08-15 02:53:00+00,2025-08-15 11:47:00+00,2025-08-15,32040000,93,t,112,93,279,238,103,87,40,47
2025-08-14 04:05:00+00,2025-08-14 12:15:00+00,2025-08-14,29400000,91,t,97,92,262,237,89,87,41,50
2025-07-15 04:14:00+00,2025-07-15 12:32:00+00,2025-07-15,29880000,76,t,76,90,225,230,75,83,121,44
2025-08-13 06:08:30+00,2025-08-13 14:22:00+00,2025-08-13,29580000,88,t,96,91,247,232,89,85,60,49
2025-08-12 03:02:00+00,2025-08-12 11:54:30+00,2025-08-12,31920000,92,t,126,91,255,232,106,84,44,50
2025-08-11 03:26:00+00,2025-08-11 08:01:30+00,2025-08-11,16500000,91,t,62,92,146,234,42,85,24,50
2025-06-25 04:47:00+00,2025-06-25 10:31:00+00,2025-06-25,20640000,89,t,68,81,187,243,50,87,38,60
2025-07-17 04:03:30+00,2025-07-17 11:33:00+00,2025-07-17,26940000,87,t,103,91,225,223,63,83,57,46
2025-07-05 05:27:00+00,2025-07-05 12:18:00+00,2025-07-05,24660000,91,t,86,82,216,236,74,85,34,51
2025-08-10 05:16:00+00,2025-08-10 12:29:30+00,2025-08-10,25980000,89,t,68,94,235,236,81,86,48,50
2025-08-09 04:30:00+00,2025-08-09 13:22:00+00,2025-08-09,31920000,89,t,103,94,236,235,135,84,57,49
2025-08-08 02:40:00+00,2025-08-08 11:32:00+00,2025-08-08,31920000,92,t,93,94,293,233,104,83,40,49
2025-07-19 05:39:30+00,2025-07-19 12:47:00+00,2025-07-19,25620000,93,t,98,91,207,226,94,81,28,47
2025-07-18 03:14:30+00,2025-07-18 11:54:30+00,2025-07-18,31200000,80,t,105,92,230,226,81,82,103,45
2025-07-20 05:29:30+00,2025-07-20 12:30:30+00,2025-07-20,25260000,92,t,108,92,209,224,69,81,34,46
2025-07-22 02:49:00+00,2025-07-22 09:56:30+00,2025-07-22,25620000,93,t,89,92,224,224,84,78,30,45
2025-07-21 03:44:00+00,2025-07-21 09:56:00+00,2025-07-21,22320000,90,t,66,93,207,223,61,80,37,45
2025-08-07 03:28:00+00,2025-08-07 11:30:00+00,2025-08-07,28920000,87,t,87,94,247,232,84,82,63,48
2025-07-24 02:51:00+00,2025-07-24 11:54:30+00,2025-07-24,32580000,92,t,126,92,259,226,115,78,42,44
2025-08-06 03:01:30+00,2025-08-06 11:25:30+00,2025-08-06,30240000,90,t,90,95,285,230,81,82,48,48
2025-07-12 04:21:00+00,2025-07-12 11:02:00+00,2025-07-12,24060000,93,t,87,89,207,231,78,84,28,45
2025-08-05 03:17:00+00,2025-08-05 11:39:30+00,2025-08-05,30120000,93,t,104,94,268,228,92,81,37,48
2025-08-04 04:51:00+00,2025-08-04 13:26:30+00,2025-08-04,30900000,89,t,124,93,243,227,90,80,58,47
2025-08-03 04:49:30+00,2025-08-03 12:52:00+00,2025-08-03,28920000,91,t,76,93,286,225,75,80,45,46
2025-07-23 03:35:30+00,2025-07-23 10:39:30+00,2025-07-23,25440000,92,t,88,92,207,224,93,79,35,44
2025-07-26 05:21:00+00,2025-07-26 11:57:30+00,2025-07-26,23760000,78,t,60,94,201,226,46,80,89,43
2025-07-25 19:36:00+00,2025-07-25 20:53:30+00,2025-07-25,4620000,78,f,,,,,,,2,
2025-07-25 03:40:00+00,2025-07-25 12:08:00+00,2025-07-25,30480000,89,t,70,94,270,223,110,77,57,43
2025-08-02 03:46:00+00,2025-08-02 13:05:30+00,2025-08-02,33540000,88,t,89,93,298,225,106,80,65,46
2025-07-27 03:58:00+00,2025-07-27 11:52:00+00,2025-07-27,28440000,93,t,95,92,247,224,99,78,32,45
2025-08-01 04:48:30+00,2025-08-01 12:08:30+00,2025-08-01,26400000,93,t,107,92,204,225,99,79,29,46
2025-07-28 06:20:00+00,2025-07-28 13:46:00+00,2025-07-28,26760000,90,t,81,92,242,225,77,78,44,45
2025-07-29 06:11:00+00,2025-07-29 13:46:00+00,2025-07-29,27300000,93,t,102,93,217,230,103,80,31,46
